ID,Title,Image Madewith,Image Madewith2,Prep Time,Cook Time,Rating,Image,Mobile Image,Description,Ingredients,Directions
4000,Macaroni aux Cheetos Croquant<sup>®</sup> Enflammé et Cheetos<sup>®</sup> Soufflés Cheddar blanc,Cheetos Crunchy Flamin Hot.png,Cheetos Puffs White Cheddar.png,,,,Cheetos Mac & Cheetos-046-1920x715.jpg,MacnCheetos400x220.jpg,Des jalapeños piquants. Du bacon. Une garniture croustillante aux Cheetos<sup>®</sup> Enflammé... Le tout en un même plat divin. Est-ce nécessaire d’en dire plus?,"2 tasses de grignotines à saveur de fromage Cheetos Croquant<sup>®</sup> Enflammé<sup>®</sup> hachées grossièrement 
2 tasses de grignotines à saveur de fromage Cheetos<sup>®</sup> Soufflés Cheddar blanc émiettées 
Huile d’olive extra-vierge
6 tranches de bacon, coupé en bandes de  1/2 pouce de largeur
3 c. à soupe de beurre non salé
1 oignon coupé en dés de  1/4 pouce
Sel casher
 1/2 tasse de farine tout usage
4 tasses de lait entier, ou plus au besoin
1 livre (454 g) de coquilles ou autres pâtes courtes
1  1/2 tasse de fromage cheddar fraîchement râpé 
1  1/2 tasse de fromage Fontina fraîchement râpé
 1/2 tasse de fromage Parmigiano fraîchement râpé
 1/4 tasse de moutarde de Dijon
Sauce piquante, au goût
","Verser un petit filet d’huile dans une grande casserole, ajouter le bacon et chauffer à feu moyen. Remuer à l’occasion. Lorsque le bacon est croustillant, le retirer de la poêle et l’égoutter sur des essuie-tout. Conserver le gras du bacon!

Ajouter le beurre et l’oignon dans la casserole avec le gras, saler et cuire jusqu’à ce que l’oignon soit tendre et dégage de doux arômes, environ 8 à 10 minutes. Ajouter la farine et cuire en remuant fréquemment, de 4 à 5 minutes. Fouetter lentement en ajoutant le lait, saler, porter à ébullition, puis baisser le feu à doux et laisser mijoter pendant 8 à 10 minutes.

Entre-temps, faites bouillir de l’eau salée dans une grande casserole. Ajouter les pâtes et cuire pendant 1 minute de moins que les directives inscrites sur l’emballage. Égoutter les pâtes et réserver.

Ajouter le cheddar, le Fontina, le Parmigiano et les Cheetos<sup>®</sup> Soufflés Cheddar blanc émiettées au mélange de lait et mélanger le tout en fouettant. Ajouter la moutarde et quelques gouttes de sauce piquante. Rectifier   l’assaisonnement au besoin et ajouter un peu de lait si le mélange est trop épais. En remuant, incorporer le bacon cuit et les pâtes au mélange. 

Saupoudrer de grignotines Cheetos Croquant<sup>®</sup> Enflammé et placer sous le gril jusqu’à l’obtention d’une texture croustillante et croquante."
4001,"« L’é-patte-ante » trempette au fromage, Ranch et bacon",Cheetos Puffs.png,,,1h 15 min,,Paw-some Bacon Ranch Cheeseball1920x715.jpg,Paw-some Bacon Ranch Cheeseball400x220.jpg,"Prêt à plonger vos pattes dans cette trempette incroyablement fromagée? Et oui, ce jeu de mots est voulu. Puisque ces hors-d’œuvre des Fêtes offrent juste ce qu’il faut de crème, de saveur Ranch acidulée et de savoureux bacon, vos invités souhaiteront qu’il s’agît du plat principal.","8 oz de fromage à la crème, à température ambiante
2 c. à table de crème sure
1 sachet d’assaisonnement Ranch (1 oz)
1 tasse de cheddar doux, râpé 
5 tasses de grignotines à saveur de fromage Cheetos PattesMC, émiettées (réserver  1/2 tasse pour l’enrobage)
1 oignon vert, haché
2 tranches de bacon, cuit et émietté
","Battre le fromage à la crème, la crème sure et l’assaisonnement Ranch jusqu’à l'obtention d'un mélange homogène.
Ajouter le fromage râpé et les Cheetos PattesMC émiettées et battre jusqu’à ce que le mélange ait une texture légère.
Incorporer les oignons verts et le bacon.
Transférer le mélange sur une pellicule de plastique. Façonner une forme ovale de 1  1/2 pouce de haut par 4  1/2 pouces de large. Envelopper fermement et réfrigérer au moins une heure.
Juste avant de servir, déballer et rouler la forme de fromage dans les grignotines Cheetos PattesMC émiettées en appuyant pour bien l’enrober. 
Déposer la trempette dans une assiette de service. À l’aide d’une cuillère, former une empreinte de patte à la surface.
Servir immédiatement avec un accompagnement de grignotines Cheetos PattesMC."
4002,Tamales enflammés,Cheetos Crunchy Flamin Hot.png,,,1 h 15 min,,flamin-hot-tamales1920x715.jpg,flamin-hot-tamales400x220.jpg,"Rien ne représente mieux les Fêtes en famille que le goût des tamales de votre abuela. Et rien ne représente mieux l’intensité des « Cheetos<sup>®</sup> Enflammé » que, et bien… que moi qui vous dit d'en ajouter à vos tamales pour créer une gâterie incroyablement délicieuse. Alors voici un cadeau, à vous de moi —ma recette (pas si) sécrète de tamales enflammés. Vous ne pourrez pas dire que je ne vous ai jamais rien donné.","Pour les tamales :
1 tasse de grignotines à saveur de fromage Cheetos Croquant<sup>®</sup> Enflammé, réduites en poudre (réserver une petite quantité pour la garniture)
1  1/2 tasse de farine de maïs jaune - masa harina 
 1/2 c. à thé de sel casher
1  1/2 c. à thé de poudre à pâte
 1/4 c. à thé de piment de Cayenne
 1/4 tasse de beurre fondu
1  3/4 tasse de bouillon de poulet ou de légumes bouillant
1 c. à table de jus de lime
1 c. à thé de zeste de lime
10 grandes feuilles d’épis de maïs séchées, trempées dans l’eau pendant une heure
1 lb de fromage Pepper Jack râpé
1 avocat tranché (pour la présentation)

Pour la crème à la lime :
1 tasse de crème mexicaine du marché (ou crème sure ou crème fraîche)
Jus et zeste d’une lime   
 1/2 c. à thé de sel

Pour les oignons marinés à la lime :
1 oignon rouge, en juliennes minces
Jus d’une lime
 1/4 c. à thé de sel casher
1 c. à table de coriandre fraîche hachée
","Dans un grand bol et à l’aide d’un malaxeur, bien mélanger la poudre CheetleMC (Cheetos<sup>®</sup> réduites en poudre), la masa harina, le sel, la poudre à pâte et le piment de Cayenne.
À vitesse moyenne, ajouter le beurre, le bouillon chaud, le jus et le zeste de lime. Augmenter la vitesse pendant environ 2 minutes ou jusqu’à ce que la masa soit légère et onctueuse.
Étendre les feuilles d’épis de maïs et y répartir également la masa.
À l’aide d’une spatule en caoutchouc, étendre la masa de bas en haut pour former un carré de 5 pouces au centre de la feuille.  Commencer par la partie la plus large de la feuille et remonter jusqu’aux trois quarts de la longueur. Assurez-vous de former une couche d’épaisseur égale.
Avec les mains, presser un peu plus d’une  1/2 tasse de fromage râpé pour former un tube de 4 pouces de long. Le placer au centre et rouler un rebord sur le tube. Tirer délicatement pour retirer la feuille, puis rouler l’autre côté de façon que la masa soit par-dessus la couche inférieure de masa. Enrouler le tout avec la feuille d’épis de maïs et, ensuite, en vous servant d’une mince bande de feuille d’épis de maïs, attacher le haut du tamale à environ 2 pouces du bord. Répéter ces étapes pour chaque tamale.
Mettre une marguerite dans une casserole avec  3/4 de pouce d’eau (le niveau d’eau devrait être juste en dessous la marguerite). Déposer délicatement les tamales dans la marguerite et cuire à la vapeur 20 minutes. 
Fermer le feu et laisser reposer 10 minutes avant de servir. Garnir de crème à la lime, d’oignons marinés à la lime, de tranches d’avocat frais et d’un soupçon de CheetleMC.
"
4003,La meilleure tarte à la citrouille selon Chester,Cheetos Puffs White Cheddar.png,,,2 h ,,good-cheddar-best-pumpkin-pie1920x715.jpg,good-cheddar-best-pumpkin-pie400x220.jpg,"Préparez-vous. Après ceci, vous deviendrez le plus précieux des amis. Cette recette de tarte à la citrouille revisitée n’a rien d’ordinaire. Une croûte de biscuits Graham fromagée et une garniture onctueuse et crémeuse, voilà une explosion de saveurs Cheetos<sup>®</sup> qui fera passer toute amitié au prochain niveau.","Pour la croûte :
1 sac de 240 g de grignotines à saveur de fromage Cheetos<sup>®</sup> Soufflés Cheddar blanc
1  1/2 tasse de biscuits Graham, émiettés
 3/4 tasse de beurre (1  1/2 bâtonnet), fondu
3 c. à table de sucre 
1  1/2 c. à thé de sel

Pour la garniture :
2 boîtes (15 oz) de purée de citrouille 
6 œufs
2  1/2 tasses de cassonade
 1/2 c. à table de fécule de maïs
1 c. à table de cannelle moulue
 1/2 c. à thé de gingembre moulu
1 c. à thé de muscade moulue
 1/2 c. à table d’épices pour tarte à la citrouille
 1/2 c. à thé de poivre noir moulu
 1/2 c. à table d’extrait de vanille
2 tasses de crème épaisse
1 tasse de lait
1 sac de 240 g de grignotines à saveur de fromage Cheetos<sup>®</sup> Soufflés Cheddar blanc
","Pour les croûtes :

Préchauffer le four à 350 °F. 
Au robot culinaire, moudre les grignotines Cheetos<sup>®</sup> Soufflés Cheddar blanc. 
Mélanger les grignotines Cheetos<sup>®</sup> Soufflés moulues, les biscuits Graham moulus, le beurre fondu, le sucre et le sel avec vos pattes, jusqu’à l’obtention d’une texture granuleuse.
Repartir le mélange entre les 2 assiettes à tarte de 10 po.  

Astuce Enflammé : Le dessous d’une tasse à mesurer convient parrrfaitement pour aplatir le fond et les côtés de votre croûte dans le moule. 

Cuire la croûte 15 minutes et laisser refroidir.

Pour la garniture :
Mettre vos grignotines Cheetos<sup>®</sup> Soufflés Cheddar blanc, la crème épaisse et le lait dans une casserole à feu moyen et faire mijoter. 
Une fois le point d’ébullition atteint, couvrir la casserole, la retirer du feu et laisser refroidir 20 minutes. 
Mélanger la garniture jusqu’à l’obtention d’une texture homogène et lisse.  
Dans un grand bol, mélanger la purée de citrouille, les œufs, la cassonade, la fécule de maïs, la cannelle, le gingembre, la muscade, les épices pour tarte à la citrouille, le poivre noir et l’extrait de vanille. 
Ajouter la purée crémeuse et fromagée et mélanger. Répartir ensuite la garniture entre les deux assiettes à tarte. 
Cuire les tartes 50 minutes environ. Vous saurez qu’elles sont prêtes lorsque le centre sera à la fois ferme et spongieux. 
Ce ne sera pas facile, mais laisser les tartes refroidir complètement – au moins 2 heures – avant d’y plonger votre cuillère.
 
Et bien entendu, les garnir de crème fouettée et d’encore plus de grignotines Cheetos<sup>®</sup> fromagées avant de servir. 
"
4004,Boules de maïs soufflé parrrfaites,Cheetos Crunchy.png,,,1 h 15,,purrfect-popcorn-balls1920x715.jpg,purrfect-popcorn-balls400x220.jpg,"Parfois, il vous faut quelque chose de sucré, et ce, rapidement. Ces boules de maïs soufflé se préparent à la vitesse de l’éclair ou, devrions-nous dire, à la vitesse du guépard? Elles sont sucrées, elles sont salées, et elles seront sans aucun doute concoctées (et dévorées) plus vite que vous ne pouvez l’imaginer!","1  3/4 tasse de mini guimauves 
1 tasse de brisures de caramel 
Une pincée de sel 
7 tasses de maïs soufflé Smartfood<sup>®</sup> Cheddar blanc 
2  1/2 tasses de grignotines à saveur de fromage Cheetos Croquant<sup>®</sup>
","Dans une grande casserole, à feu moyen bas, faire fondre les guimauves, les brisures de caramel et le sel.   
Retirer le mélange du feu et ajouter le maïs soufflé Smartfood<sup>®</sup> Cheddar blanc et les grignotines à saveur de fromage Cheetos Croquant<sup>®</sup>. Bien mélanger en vous assurant que tout soit bien enrobé.  
Attention de ne pas vous brûler les pattes! Laisser le mélange refroidir un peu avant d’enrober vos mains de beurre pour façonner des boulettes de la taille de balles de baseball. 
Une fois qu’elles auront refroidi, les envelopper et regarder à quelle vitesse elles s’envoleront! "
4005,Purée de « patte-ates »,Cheetos Puffs.png,,,25 min,,mashed-paw-tatoes1920x715.jpg,mashed-paw-tatoes400x220.jpg,"Voici le plat parfait pour se gâter. Le beurre, le fromage à la crème et les grignotines Cheetos<sup>®</sup> fromagées sont PILÉS ensemble pour créer un délicieux repas des Fêtes. Tous ceux qui savoureront une bouchée fromagée seront heureux pour le reste de la soirée. Boum! Ça rime.","2  1/2 lb de pommes de terre Yukon Gold
1 tasse de lait
1 tasse de crème
Bâtonnet de beurre de 4 oz
2 oz de fromage à la crème
2 tasses de grignotines à saveur de fromage Cheetos<sup>®</sup> Soufflés, émiettées 
Sel casher, au goût
Poivre noir, au goût
","Laver et peler les pommes de terre, puis les déposer dans une casserole avec assez d’eau froide pour les recouvrir. Ajouter une pincée de sel et faire bouillir jusqu’à ce que les pommes de terre soient tendres, soit de 30 à 45 minutes. Égoutter et remettre dans la casserole.
Dans une casserole moyenne, porter le lait et la crème à ébullition.
Retirer du feu et incorporer une tasse de grignotines Cheetos<sup>®</sup> émiettées avec un fouet. Ajouter délicatement les pommes de terre et piler ou fouetter jusqu’à consistance crémeuse. Incorporer le beurre et le fromage à la crème en mélangeant bien. 
Transférer les pommes de terre dans un plat de cuisson allant au four. Saupoudrer la surface des pommes de terre du reste des Cheetos<sup>®</sup> émiettées et cuire 10 minutes à 350°F. Ensuite, contempler la meilleure purée de « patte-ates » qu’un guépard n’aura jamais osé cuisiner.
"
4006,Elotes (épis de maïs grillés à la mexicaine) CHEETOS CROQUANT<sup>®</sup> Enflammé,Cheetos Crunchy Flamin Hot.png ,Cheetos Puffs White Cheddar.png,,,,Cheetos FH Elotes1920x715.jpg,Cheetos FH Elotes400x220.jpg,"Combler l’amateur de saveurs épicées en vous avec ces elotes enflammés. Des épis de maïs grillés et nappés de beurre, tout ce qu’il y a de classique, inspirés de la cuisine de rue, entièrement recouverts de grignotines CHEETOS<sup>®</sup> Soufflés Cheddar blanc et CHEETOS<sup>®</sup> Soufflés Enflamme, PUIS garnis d’encore plus de CHEETOS<sup>®</sup>. OK, on va prendre un… un quoi déjà?!","1 sac de 230 g de grignotines à saveur de fromage CHEETOS<sup>®</sup> Soufflés Enflammé réduites en poudre (aussi appelée la poudre Cheetle<sup>MC</sup>!)
1 sac de 240 g de grignotines à saveur de fromage CHEETOS<sup>®</sup> Soufflés Cheddar blanc réduites en poudre Cheetle<sup>MC</sup>
6 épis de maïs, coupés en deux
12 brochettes en bois
4 tasses de mayonnaise
2 tasses de beurre ramolli
4 limes coupées en deux
Sel
","Insérer les brochettes dans les épis de maïs, comme pour une sucette glacée.
Cuire les épis à la vapeur ou les griller jusqu’à ce qu’ils soient chauds (de 3 à 5 minutes environ). Retourner les épis fréquemment pour qu’ils deviennent très chauds, mais sans les brûler.
Recouvrir les épis de beurre et de mayonnaise.
Saler au goût.
Au mélangeur, réduire en poudre les grignotines CHEETOS<sup>®</sup> Soufflés Enflammé et réserver. Faire de même avec les grignotines CHEETOS<sup>®</sup> Soufflés Cheddar blanc. Transférer dans deux assiettes séparées.
Presser les limes, en recouvrir les épis du jus et les rouler dans la poudre CheetleMC de CHEETOS<sup>®</sup>.
Couvrir les épis de poudre CheetleMC de CHEETOS<sup>®</sup> Soufflés Cheddar blanc ou de CHEETOS<sup>®</sup> Soufflés Enflammé. 

LE SAVIEZ-VOUS? Cette délicieuse poudre fromagée qui recouvre vos doigts lorsque vous savourez vos Cheetos s’appelle « poudre CHEETLEMC »!
"
4007,Ailes de poulet aux CHEETOS CROQUANT<sup>®</sup> Enflammé,Cheetos Crunchy Flamin Hot.png,,,,,Cheetos FH Wings1920x715.jpg,Cheetos FH Wings400x220.jpg,"Si nous avions un mur des célébrités, elles s’y retrouveraient. Nos ailes de poulet sont enrobées d’une délicieuse sauce chili, puis de CHEETOS<sup>®</sup> Enflammé. Faites-nous confiance – ces ailes de poulet ne sont pas faites pour les poules mouillées!","1 sac de 285 g de grignotines à saveur de fromage CHEETOS CROQUANT<sup>®</sup> Enflammé

SAUCE
2 tasses de sauce Gochujang (pâte de piment fort)
2 tasses de vinaigre de vin de riz
1 c. à thé de poivre noir moulu
2 tasses de sauce soya
3 jalapeños hachés
3 c. à thé de Gochugaru (poudre de piment rouge)
 1/2 tasse de Mirin
1 citron (zeste et jus)
1 lime (zeste et jus)
1 orange (zeste et jus)
1 c. à thé d’ail
1 c. à thé de gingembre
1 tasse de coriandre
Pincée de sel

5 lb d’ailes de poulet
Huile à friture
Vinaigrette Ranch
","Au mélangeur, réduire en purée tous les ingrédients de la sauce pour les ailes de poulet. Réserver.
Au mélangeur, réduire en poudre les grignotines CHEETOS CROQUANT<sup>®</sup> Enflammé. Réserver.
Frire les ailes de poulet à 300 ⁰F 7 minutes environ dans un poêlon de fonte.
Enrober les ailes de sauce.
Saupoudrer le tout de poudre de CHEETOS CROQUANT<sup>®</sup> Enflammé.
Servir accompagnées de vinaigrette Ranch.

LE SAVIEZ-VOUS? Cette délicieuse poudre fromagée qui recouvre vos doigts lorsque vous savourez vos Cheetos s’appelle « poudre CHEETLEMC »!
"
4008,Lait frappé au chocolat « enflammé »,Cheetos Puffs Flamin Hot.png,,,,,Hot_ Chocolate Shake1920x715.jpg,Hot_ Chocolate Shake400x220.jpg,"Sucré et épicé. Voici tout ce qu’il fallait pour que ce lait frappé soit dangereusement savoureux. De la crème glacée au chocolat onctueuse, des framboises et des grignotines CHEETOS<sup>®</sup> Soufflés ENFLAMMÉ émiettées, le tout mélangé pour créer un équilibre parfait d’arômes sucrés et épicés, puis garnis d’une framboise et de grignotines CHEETOS<sup>®</sup> Soufflés ENFLAMMÉ.","5 à 6 c. à table de grignotines à saveur de fromage CHEETOS<sup>®</sup> Soufflés Enflammé émiettées
4 tasses de crème glacée au chocolat
3 c. à table de sucre
2 tasses de lait
 1/2 tasse de framboises
1 tasse de glaçons
","Laver les framboises.
Au mélangeur, réduire tous les ingrédients en purée (à l’exception des CHEETOS). Conserver quelques framboises pour la garniture.
Humecter les rebords de six verres et les tremper dans une assiette de CHEETOS<sup>®</sup> émiettées, pour créer une garniture épicée.
Remarque : Pour épaissir le lait frappé, ajouter des CHEETOS<sup>®</sup> émiettées, de la crème glacée et des brisures de chocolat.
Servir avec une framboise sur brochette et de grignotine CHEETOS<sup>®</sup> Soufflés.
"
4009,Churros aux CHEETOS<sup>®</sup> Chester le guépard,Cheetos Puffs White Cheddar.png,,,,,Chester Cheetahs Cheetos Churros1920x715.jpg,Chester Cheetahs Cheetos Churros400x220.jpg,"Les grignotines à saveur de fromage CHEETOS<sup>®</sup> Soufflés Cheddar blanc font de ce dessert un pur délice. Des churros faits avec un gâteau quatre-quarts frit et trempé dans du sucre et des grignotines CHEETOS<sup>®</sup> Soufflés Cheddar blanc, nappés de crème fouettée sucrée et de sauce au caramel — alors, en gros, c’est un peu n’importe quoi... Non, pas vraiment. Voyez par vous-même.","1 tasse de grignotines à saveur de fromage CHEETOS<sup>®</sup> Soufflés Cheddar blanc réduites en poudre
Un gâteau quatre-quarts du marché d’environ 8 x 3 pouces
2 tasses de sucre
1 tasse de cannelle moulue
Crème fouettée sucrée
Sauce au caramel
Farine
Huile
","Couper le gâteau en bandes épaisses, comme en forme de billots.
Enrober les morceaux de gâteau de farine et les frire à 350 °F jusqu’à ce qu’ils soient dorés.
Mélanger le sucre, la cannelle et la poudre de CHEETOS<sup>®</sup> Soufflés Cheddar blanc.
Enrober les churros (morceaux de gâteau frit) du mélange de sucre et de poudre de CHEETOS<sup>®</sup> Soufflés Cheddar blanc.
Napper de crème fouettée et de sauce au caramel. Servir.
"
4010,Boulettes de viande fromagées aux CHEETOS<sup>®</sup>,Cheetos Crunchy.png,,,,,Cheetos Meatballs1920x715.jpg,Cheetos Meatballs400x220.jpg,"Les saveurs italiennes classiques rehaussées d’un soupçon Dangereusement fromagé<sup>®</sup>! Ces boulettes de bœuf, porc et veau aux CHEETOS<sup>®</sup> sont servies dans une consistante sauce tomate aux fines herbes et garnies de fromage ricotta.","5  1/4 tasses de grignotines à saveur de fromage CHEETOS CROQUANT<sup>®</sup> réduites en poudre
Huile d’olive extra-vierge
 1/4 livre de pancetta, coupée en dés de  1/4 pouce
6 oignons
Piment de Cayenne broyé 
Sel casher
6 gousses d’ail
3 boîtes de 28 oz de tomates San Marzano passées au moulin à légumes
 1/2 livre de bœuf haché
 1/2 livre de veau haché
 1/2 livre de porc haché
2 gros œufs 
1 tasse de fromage Parmigiano fraîchement râpé, plus au besoin
 1/4 tasse de persil italien frais, haché
2 tasses de fromage Ricotta
2 tasses de cornichons à l’aneth, coupés en dés de  1/4 pouce
1 tasse de ciboulette hachée finement
","Sauce :
Enduire une grande casserole d’huile d’olive. Ajouter la pancetta et cuire à feu moyen 6 à 8 minutes.
Ajouter 4 oignons (coupés en dés de  1/2 pouce), 4 gousses d’ail (écrasées et hachées finement) et une pincée de piment de Cayenne broyé. Saler généreusement. Cuire jusqu’à ce que les oignons soient tendres, en remuant fréquemment.
Ajouter les tomates et 2 tasses d’eau. Pendant la cuisson, ajouter jusqu’à une tasse supplémentaire d’eau pour obtenir la consistance désirée. Saler généreusement. Cuire la sauce pendant 2 ou 3 heures, en remuant à l’occasion.
 
Boulettes de viande :
Enduire un plat à sauter d’huile d’olive, ajouter 2 oignons (coupés en dés de  1/4 de pouce) et cuire à feu moyen élevé. Saler généreusement et cuire jusqu’à ce que les oignons soient tendres.
Ajouter 2 gousses d’ail hachées finement et une pincée de piment de Cayenne broyé. Poursuivre la cuisson 2 à 3 minutes. Éteindre le feu.
Dans un grand bol, combiner le bœuf, le veau, le porc, les œufs, le fromage Parmigiano, le persil et 5 tasses de poudre de CHEETOS CROQUANT<sup>®</sup>. Saler. Mélanger avec vos mains.
Ajouter les oignons et environ  1/2 tasse d’eau. Mélanger encore – le mélange doit être mouillé.
Préchauffer le four à 350 °F. 
Avec vos mains humides, façonner des boulettes un peu plus grosses que des balles de golf. Rouler chaque boulette dans 5 tasses de poudre de CHEETOS<sup>®</sup>.
Frire les boulettes jusqu’à ce qu’elles soient brun foncé et très croustillantes. Placer les boulettes sur une plaque et cuire au four 10 minutes.
 
Assemblage :
Cuire les boulettes dans la sauce 15 à 20 minutes ou jusqu’à ce qu’elles soient entièrement enrobées.
Placer les boulettes dans un plat de service et les recouvrir de sauce. Garnir de ricotta et de cornichons coupés en dés. Saupoudrer du reste de poudre de CHEETOS CROQUANT<sup>®</sup> et de ciboulette.
"
4011,Tacos de poulet aux CHEETOS<sup>®</sup> Enflammé,Cheetos Crunchy Flamin Hot.png,,,,,Cheetos FH Chicken Tacos1920x715.jpg,Cheetos FH Chicken Tacos400x220.jpg,"Nous pourrions prendre le temps de décrire cette exquise combinaison de tacos de poulet parfaitement assaisonnés, de légumes croquants et de grignotines CHEETOS<sup>®</sup> Enflammé, mais nous vous dirons simplement « Avec plaisir! »","1 tasse de grignotines à saveur de fromage CHEETOS CROQUANT<sup>®</sup> Enflammé hachées très grossièrement
 1/4 tasse d’huile d’olive
1 gros oignon espagnol, coupé en dés de  1/4 de pouce
2 grosses gousses d’ail, écrasées et hachées finement
1 piment jalapeño, tige et graines enlevées, épépiné et haché finement
1 boîte de conserve (150 mL) de pâte de tomate
1 bouquet de coriandre, tiges et feuilles séparées, hachées finement
1 boîte de 15 oz de haricots noirs
4 hauts de cuisses de poulet désossés et sans la peau, coupés en cubes de  1/2 pouce
2 tasses de bouillon de poulet
4 limes (jus et zeste)
8 tortillas de maïs, enveloppées ensemble dans du papier d’aluminium
1 tasse de crème sure
Sel cacher
 1/2 tasse de feuilles entières de coriandre fraîche","Enduire un plat à sauter d’huile d’olive, ajouter les oignons, saler et cuire à feu moyen élevé jusqu’à ce que les oignons soient tendres.
Ajouter les jalapeños, les tiges de coriandre et l’ail et faire revenir 2 à 3 minutes.
Incorporer la pâte de tomates. Cuire 2 à 3 minutes.
Incorporer le poulet et les haricots noirs. Saler. Ajouter la moitié du jus et du zeste de lime.
Ajouter la moitié du bouillon de poulet. Amener à ébullition et laisser mijoter. Laisser réduire le bouillon de moitié. Ajouter le reste du bouillon et laisser mijoter de 20 à 30 minutes.
Griller les tortillas sur une plaque chauffante ou un gril.
Combiner le zeste et le jus de lime à la crème sure pour faire une crème de lime.
Repartir la garniture sur les tortillas. Garnir de crème de lime, de grignotines CHEETOS CROQUANT<sup>®</sup> Enflammé hachées et de feuilles de coriandre.
"
4012,Nachos CHEETOS<sup>®</sup> épicés,Cheetos Crunchy.png ,Cheetos Crunchy Flamin Hot.png,,,,Spicy Cheetos Nachos1920x715.jpg,Spicy Cheetos Nachos400x220.jpg,"Les grignotines CHEETOS<sup>®</sup> sont les nouvelles chips tortilla. Ces « nachos » sont enrobés de sauce ragù épicée à la saucisse et de fromage crémeux, puis ils sont garnis de laitue croquante, de tomates, de jalapeños et nappés de crème sure.","1 sac de 285 g de grignotines à saveur de fromage CHEETOS CROQUANT<sup>®</sup> Grignotines à saveur de fromage CHEETOS CROQUANT<sup>®</sup> Enflammé pour la garniture
1 oignon coupé en dés de 1 pouce
 1/2 petit bulbe de fenouil, les parties coriaces (dessus et centre) retirées, coupé en dés de 1 pouce 
1 branche de céleri, coupée en dés de 1 pouce 
3 gousses d’ail, écrasées
Huile d’olive extra-vierge
Sel casher
1 tasse de pâte de tomate
1 tasse de vin rouge corsé
 1/2 livre de saucisses italiennes douces, la peau retirée
 1/2 livre de saucisses italiennes fortes, la peau retirée
1 feuille de laurier
1 bouquet de thym, noué avec de la corde de boucher
2 c. à table de beurre
2 c. à table de farine
2 tasses de lait
3 tasses de fromage Fontina râpé
2 tasses de laitue Iceberg, taillée en chiffonnade de  1/2 pouce
2 tomates Beefsteak, coupées en dés de  1/2 pouce
 1/2 tasse de jalapeños marinés
 1/2 tasse de crème sure
4 oignons verts tranchés finement en biais
","Sauce ragù :
Réduire en purée les oignons, le fenouil, le céleri et l’ail pour former une pâte épaisse.
Enduire une grande casserole profonde d’huile d’olive, ajouter la purée de légumes, saler et chauffer à feu moyen élevé. Cuire les légumes environ 30 minutes, jusqu’à ce que tout le liquide se soit évaporé. Remuer à l’occasion.
Lorsque le mélange au fond de la casserole aura bruni, ajouter la pâte de tomates et mélanger. Laisser brunir un peu et continuer à remuer 2 ou 3 minutes.
Ajouter le vin, bien mélanger et gratter le fond pour incorporer tous les résidus.
Ajouter les saucisses douces et fortes. À l’aide d’une cuillère, défaire les saucisses et cuire la chair jusqu’à ce qu’elle soit brune, de 10 à 15 minutes.
Ajouter assez d’eau dans la casserole pour couvrir la viande d’environ  1/2 pouce. Bien mélanger.
Ajouter la feuille de laurier et le bouquet de thym. Saler. Porter la sauce à ébullition, réduire le feu et laisser mijoter. Poursuivre la cuisson 3 heures. Goûter, assaisonner et ajouter de l’eau au besoin.
 
Sauce au fromage :
Dans une casserole, faire fondre le beurre et incorporer la farine avec un fouet. Faire cuire 3 à 4 minutes.
Ajouter le lait en fouettant et porter le mélange à ébullition. Laisser mijoter et faire cuire 8 à 10 minutes.
Incorporer le fromage en fouettant. Saler.
 
Assemblage :
Allumer l’élément du haut dans le four.
Vider le sac de grignotines à saveur de fromage CHEETOS CROQUANT<sup>®</sup> dans un plat allant au four assez grand pour y déposer le contenu d’un sac entier en une seule couche.
À l’aide d’une cuillère, verser une couche épaisse de sauce ragù à la saucisse sur les grignotines CHEETOS CROQUANT<sup>®</sup>. Verser la sauce au fromage sur la sauce ragù. Placer le plat sous le gril jusqu'à ce que le fromage commence à brunir sur le dessus.
Garnir de laitue, de tomates, de jalapeños, de crème sure, d’oignons verts et de grignotines CHEETOS CROQUANT<sup>®</sup> Enflammé.
"
4013,Cornichons frits en croûte de CHEETOS<sup>®</sup> et sauce Ranch crémeuse,Cheetos Puffs.png,,,,,Cheetos Crusted Fried Pickles + Creamy Ranch1920x715.jpg,Cheetos Crusted Fried Pickles + Creamy Ranch400x220.jpg,"Le moment est venu de vous salir les pattes! Ces cornichons frits en croûte de CHEETOS<sup>®</sup> sont faits pour être trempés dans une sauce maison Ranch crémeuse. Nous vous encourageons à vous servir de vos mains, ou pattes, pour les manger.","1  1/2 tasse de grignotines à saveur de fromage CHEETOS<sup>®</sup> Soufflés, réduites en chapelure
1 tasse de mayonnaise
 1/2 tasse de crème sure
1 c. à thé de poudre d’ail
1 c. à thé de poudre d’oignon 
1 c. à table de ciboulette hachée
1 c. à table de persil haché
2 c. à thé d’aneth haché
 1/2 c. à thé de sel de céleri
2 c. à thé de jus de citron fraîchement pressé
2 c. à table de lait, plus si nécessaire
Sel casher
2 gros cornichons coupés en tranches de  1/2 pouce d’épaisseur 
1 tasse de farine
3 œufs, battus ensemble avec une c. à table d’eau jusqu’à homogénéité
1 tasse de chapelure
","Combiner la mayonnaise, la crème sure, la poudre d’ail, la poudre d’oignon, la ciboulette, le persil, l’aneth et le sel de céleri. Assaisonner de sel casher.
Assécher les cornichons.
Suivre les étapes habituelles de panure : (a) 1 tasse de farine, (b) le mélange d’œufs, (c) la chapelure et (d) 1 tasse de miettes de CHEETOS<sup>®</sup> (réserver  1/2 tasse).
Suivre toutes ces étapes pour paner les cornichons et réfrigérer le mélange 1 heure.
Frire les cornichons jusqu’à ce qu’ils soient dorés et croustillants. Ajouter les miettes de CHEETOS<sup>®</sup> et servir avec la sauce Ranch.  
"
4014,Steak CHEETOS<sup>®</sup> Alarme d’incendie,Cheetos Crunchy.png,Cheetos Puffs.png,,,,Five-Alarm Cheetos Steak1920x715.jpg,Five-Alarm Cheetos Steak400x220.jpg,"Qu’obtient-on en combinant la meilleure coupe de viande au goût intense des grignotines à saveur de fromage CHEETOS CROQUANT<sup>®</sup> Cheddar Jalapeño? Ce succulent faux filet de 8 onces, assaisonné de grignotines CHEETOS CROQUANT<sup>®</sup> à saveur de Cheddar Jalapeño accompagné de riz fromagé. On serait fou de ne pas y goûter.","1 tasse de grignotines à saveur de fromage CHEETOS CROQUANT<sup>®</sup> Cheddar Jalapeño émiettées
2 tasses de grignotines à saveur de fromage CHEETOS<sup>®</sup> Soufflés émiettées
4 steaks de faux filet de 8 oz
Sel, au goût
Poivre, au goût
Quelques jalapeños entiers
Huile
Beurre non salé

Riz au beurre fromagé
2 tasses de riz non cuit
2 c. à table de beurre
1 tasse de fromage pasteurisé (exemple, fromage à nachos)
","Mélanger le sel, le poivre et une tasse de grignotines à saveur de fromage CHEETOS CROQUANT<sup>®</sup> Cheddar Jalapeño émiettées dans un petit bol.
Assaisonner les steaks des deux côtés avec un filet d’huile et le mélange de sel, de poivre et de grignotines CHEETOS CROQUANT<sup>®</sup> Cheddar Jalapeño émiettées.
Griller à feu vif jusqu'à l’obtention d’une cuisson mi-saignante, environ 4 minutes de chaque côté.
Ajouter une pincée de grignotines CHEETOS CROQUANT<sup>®</sup> Cheddar Jalapeño et CHEETOS<sup>®</sup> Soufflés émiettées au beurre pour rendre ce plat Dangereusement fromagé<sup>®</sup>!
Verser le beurre sur les steaks et ajouter encore des assaisonnements.
Cuire les 2 tasses de riz.
Mélanger le riz avec le beurre, les 2 tasses de grignotines CHEETOS<sup>®</sup> Soufflés émiettées et le fromage pasteurisé. Servir à côté des steaks.
Griller les jalapeños ou les savourer crus en accompagnement.
"
4015,Bol de riz aux CHEETOS CROQUANT<sup>®</sup> Enflammé,Cheetos Crunchy Flamin Hot.png,,,,,Cheetos FH Rice Bowl1920x715.jpg,Cheetos FH Rice Bowl400x220.jpg,"Prêt à cracher du feu? Ce bol repas est fait d’un mélange de poulet mariné grillé ou de brocoli, de riz, de grignotines CHEETOS CROQUANT<sup>®</sup> ENFLAMMÉ, de sauce chili à la crème sure, de coriandre et de graines de sésame grillées. Attention : Ce plat vous donnera chaud, chaud, chaud.","1 sac de 285 g de grignotines à saveur de fromage CHEETOS CROQUANT<sup>®</sup> Enflammé émiettées 
4 tasses de crème sure
1 lime
2 tasses de sauce sambal oelek
1 tasse de graines de sésame grillées, un peu plus pour la garniture
Sel
1 tasse de coriandre hachée, un peu plus pour la garniture
2 livres de poulet, viande brune
(Pour un bol repas végétarien, remplacer le poulet par 2,5 tasses de brocoli cuit)
Poivre
1 oignon tranché mince
2 c. à table d’huile
2 tasses de riz à grains courts non cuit
4 c. à table de sauce chili thaï sucrée et épicée
","Préparer la sauce chili à la crème sure : dans un grand bol, mélanger la crème sure, la lime, la sauce sambal oelek, les graines de sésame, le sel et la coriandre hachée. Réserver.
Cuire deux tasses de riz.
Assaisonner et griller le poulet jusqu’à ce qu’il soit bien cuit, environ 8 minutes, puis hacher.
Chauffer l’huile à feu moyen dans une casserole antiadhésive et ajouter les oignons.
Saler et poivrer au goût et caraméliser les oignons en remuant pendant environ 5 minutes.
Mettre le riz, le poulet cuit et les oignons caramélisés dans un grand bol.
À l’aide d’une cuillère, napper de sauce chili à la crème sure et garnir de graines de sésame, de coriandre et de grignotines CHEETOS CROQUANT<sup>®</sup> Enflammé émiettées.
"
4016,Boulettes de viande CHEETOS CROQUANT<sup>®</sup> à la sauce chili sucrée et épicée,Cheetos Crunchy Flamin Hot.png,,,,,Cheetos SweetNSpicy Chili Meatballs1920x715.jpg,Cheetos SweetNSpicy Chili Meatballs400x220.jpg,De succulentes boulettes épicées! Ces boulettes de porc et bœuf aux CHEETOS CROQUANT<sup>®</sup> ENFLAMMÉ servies dans une sauce chili sucrée et épicée ajouteront de la saveur à votre vie. Et à votre assiette. Vous comprenez.,"1 tasse de grignotines à saveur de fromage CHEETOS CROQUANT Enflammé réduites en poudre 
8 oz de porc haché
8 oz de bœuf haché
2 tasses d’oignons verts émincés
3 œufs
2 c. à table d’ail émincé
Pincée de sel et de poivre
4 c. à table de piment chipotle haché avec sauce adobo
Sauce chili douce 
","Chauffer le four à 300 ºF.
Dans un grand bol, mélanger le porc, le bœuf, les oignons verts, les œufs, l’ail émincé, le sel, le poivre et les piments chipotle.
Façonner des boulettes de 1 pouce et les déposer sur une plaque à cuisson.
Cuire 30 à 40 minutes, jusqu’à ce qu’elles soient luisantes.
Enrober les boulettes directement sorties du four de poudre de CHEETOS CROQUANT<sup>®</sup> Enflammé<sup>®</sup> (aussi appelée « CheetleMC »!)
Verser un filet de sauce chili douce sur les boulettes et à côté.
 
LE SAVIEZ-VOUS? Cette délicieuse poudre fromagée qui recouvre vos doigts lorsque vous savourez vos Cheetos s’appelle « poudre CHEETLEMC »!
"
4017,Burrito aux CHEETOS<sup>®</sup> Enflammé,Cheetos Crunchy Flamin Hot.png,,,,,Cheetos FH Burrito1920x715.jpg,Cheetos FH Burrito400x220.jpg,"Toutes vos saveurs préférées RÉUNIES dans un burrito extrapiquant. Des grignotines à saveur de fromage CHEETOS CROQUANT<sup>®</sup> ENFLAMMÉ, des bouts de côtes ou de l’avocat, du fromage, et encore plus de fromage, et de la sauce chili à la crème sure, dans une seule bouchée. Le moment est venu de vous salir les pattes!","1 sac de 285 g de grignotines à saveur de fromage CHEETOS CROQUANT<sup>®</sup> Enflammé 
 
Marinade pour les bouts de côtes 
1 tasse de sauce soya
 1/2 oignon haché
 1/2 tasse d’ail
1 tasse d’oignons verts
 1/2 tasse de Mirin
1 tasse de jus d’orange sans pulpe
 1/4 tasse de sucre
 1/2 tasse d’huile de sésame
 1/2 tasse de pommes ou de poires
3 c. à table de graines de sésame grillées
Fromage cheddar râpé
Grandes tortillas à la farine
5 livres de bouts de côtes
Pour un burrito végétarien, remplacer les bouts de côtes par deux avocats
4 tasses de crème sure
1 lime
2 tasses de sauce sambal oelek
1 tasse de graines de sésame grillées, plus pour la garniture
Pincée de sel
1 tasse de coriandre hachée, plus pour la garniture
","Réduire les ingrédients de la marinade en purée.
Mettre la marinade et les bouts de côtes dans un grand bol. Couvrir et mariner au moins deux heures.
Griller les bouts de côtes marinés 15 à 20 minutes, ou jusqu’à ce que la température interne atteigne 130 °F, puis hacher la viande.
Mélanger la crème sure, la lime, la sauce sambal oelek, les graines de sésame, le sel et la coriandre hachée. Réserver.
Au mélangeur, réduire en poudre les grignotines à saveur de fromage CHEETOS CROQUANT<sup>®</sup> Enflammé. Réserver.
Déposer les bouts de côtes ou les avocats sur une tortilla de farine de 12 pouces légèrement grillée.
Couvrir de fromage râpé et saupoudrer le dessus d’une bonne poignée de poudre de CHEETOS CROQUANT<sup>®</sup> Enflammé à saveur de fromage.
Napper de 2/3 de tasse de sauce chili à la crème sure et de votre sauce piquante préférée.
"
4018,Sandwich grillé au fromage + soupe aux tomates aux CHEETOS<sup>®</sup>,Cheetos Crunchy Cheddar Jalapeno.png,,,,,Cheetos Grilled Cheese + Tomato Soup1920x715.jpg,Cheetos Grilled Cheese + Tomato Soup400x220.jpg,"Un plat familier, délicieux et réconfortant qui réchauffera le cœur des amateurs de CHEETOS<sup>®</sup> : une soupe consistante aux tomates et aux grignotines CHEETOS<sup>®</sup> et de petits sandwichs grillés au fromage garnis de bacon, de tomates et de grignotines CHEETOS<sup>®</sup> fromagées.","1  1/4 tasse de grignotines à saveur de fromage CHEETOS CROQUANT<sup>®</sup> Cheddar Jalapeño hachées grossièrement
 1/2 tasse d’huile d’olive extra-vierge
1 gros oignon rouge
Pincée de piment de Cayenne broyé
3 gousses d’ail
1 tasse de vin blanc
2 livres de tomates mûres
10 feuilles de basilic, taillées en chiffonnade
2 tasses de jus de tomate
2 tasses de pain italien de la veille, sans croûtes, coupé en cubes
1  1/2 tasse de grignotines à saveur de fromage CHEETOS CROQUANT<sup>®</sup>
Huile d’olive de bonne qualité pour la finition
16 tranches de bacon
8 tranches de tomates Beefsteak,  1/4 de pouce d’épaisseur
2  1/2 tasses de fromage cheddar râpé grossièrement
1  1/2 tasse de mayonnaise
8 tranches de pain sandwich blanc ou au levain
8 cubes de cheddar jaune
4 cubes de cheddar blanc
12 tranches de jalapeños marinés
8 tomates cerises
4 grignotines à saveur de fromage CHEETOS<sup>®</sup> Soufflés entières
4 branches de basilic
","Enduire une grande casserole d’huile d’olive et chauffer à feu moyen. Ajouter les oignons. Assaisonner de sel et de piments broyés. Cuire les oignons de 8 à 10 minutes, jusqu’à ce qu’ils soient tendres. Ajouter l’ail écrasé et haché finement et cuire 2 à 3 minutes.
Ajouter le vin et laisser réduire de moitié.
Incorporer les tomates et saler. Cuire jusqu’à ce que les tomates aient ramolli. Incorporer les feuilles de basilic entières.
Verser délicatement de petites quantités de soupe aux tomates dans le mélangeur et réduire en une purée lisse. Remettre la soupe dans la casserole.
En mélangeant, ajouter le pain et 1 tasse de grignotines à saveur de fromage CHEETOS CROQUANT<sup>®</sup> hachées grossièrement et cuire la soupe à feu moyen jusqu’à ce que le pain et les grignotines CHEETOS CROQUANT<sup>®</sup> aient perdu leur forme. Rectifier l’assaisonnement au besoin.
Servir la soupe dans une tasse avec le rebord recouvert de grignotines à saveur de fromage CHEETOS CROQUANT<sup>®</sup> réduites en poudre. Garnir la soupe de la chiffonnade de basilic et d’un filet d’huile.
 
Garnitures pour la soupe aux tomates :
Brochette 1 : (de bas en haut)
        a. Cube de cheddar jaune
        b. Tranche de jalapeño
        c. Cube de cheddar blanc
        d. Tranche de jalapeño
        e. Cube de cheddar jaune
Brochette 2 : (de bas en haut)
        a. Tomate cerise
        b. Grignotines à saveur de fromage CHEETOS<sup>®</sup> Soufflés
        c. Tomate cerise
Insérer une tranche de bacon croustillant entre les brochettes dans la tasse.
Garnir d’une branche de basilic et de basilic haché. 
 
Sandwich grillé au fromage
Cuire 12 tranches de bacon jusqu’à ce qu’elles soient croustillantes, mais encore légèrement souples.
Étendre uniformément la mayonnaise sur 1 côté des 4 tranches de pain. Placer le pain avec le côté garni de mayonnaise vers le bas. Garnir chaque tranche de pain d’une fine couche de fromage râpé. Déposer 3 tranches de bacon sur le fromage. Déposer 2 tranches de tomate sur chaque sandwich.
Saupoudrer le reste de fromage sur chaque sandwich. Saupoudrer chaque sandwich de grignotines CHEETOS CROQUANT<sup>®</sup> Cheddar Jalapeño hachées et couvrir avec les dernières tranches de pain. Étendre une fine couche de mayonnaise sur chaque sandwich et presser.
Cuire les sandwichs sur une plaque chauffante ou dans un poêlon jusqu’à ce qu’ils soient dorés et croquants de chaque côté et que le fromage ait fondu. Couper les sandwichs en trois.
Servir les sandwichs chauds accompagnés de la soupe aux tomates.
"
4019,Gratin de pommes de terre « enflammé »,Cheetos Crunchy Flamin Hot.png,,30 min,1 h 10 min,,FH Scalloped Potatoes-074-1920x625.jpg,FH Scalloped Potatoes-074-400x220.jpg,"Cette version « enflammée » du gratin de pommes de terre classique est fromagée, crémeuse et, mieux encore, épicée!","3 tasses de grignotines à saveur de fromage CHEETOS CROQUANT<sup>®</sup> Enflammé, divisées
 1/2 tasse de chapelure
 1/4 tasse de beurre, divisé
2 oignons tranchés finement
2 c. à table de thym frais haché finement
 1/2 c. à thé de sel et de poivre
4 c. à thé de farine tout usage
2 tasses de cheddar vieilli
 1/2 tasse de parmesan râpé
2 tasses de crème 35 %
3 lb de pommes de terre pelées et tranchées minces
","Préchauffer le four à 400 °F. Au robot culinaire, émietter légèrement les grignotines à saveur de fromage CHEETOS CROQUANT<sup>®</sup> Enflammé. Dans un bol, mélanger 3/4 de tasse des CHEETOS<sup>®</sup> émiettées et la chapelure. Faire fondre 2 c. à table de beurre; verser dans le bol et mélanger. Réserver.
Faire fondre le reste du beurre dans une grande poêle à feu moyen; cuire les oignons avec le thym, le sel et le poivre de 5 à 8 minutes ou jusqu’à ce qu’ils soient tendres. 
Étendre le tiers des pommes de terre, en les intercalant légèrement, dans un plat à cuisson graissé de 13 x 9 po. Les parsemer uniformément de la moitié de ces ingrédients : mélange d’oignons, farine, cheddar, 2  1/4 tasses de CHEETOS<sup>®</sup> émiettées et parmesan. Verser la moitié de la crème sur le dessus. Répéter cette étape une deuxième fois. 
Étendre le dernier tiers des pommes de terre. Parsemer du mélange réservé de CHEETOS<sup>®</sup> et de chapelure. 
Recouvrir de papier d’aluminium. Cuire 45 à 50 minutes ou jusqu’à ce que les pommes de terre soient tendres et croustillantes. Retirer le papier d’aluminium. Poursuivre la cuisson 15 à 18 minutes ou jusqu’à ce que le dessus soit doré, que le liquide soit épais et bouillonnant et que les pommes de terre soient tendres. Laisser reposer 15 minutes avant de trancher.

Astuces : 
• Parsemez de ciboulette fraîche hachée finement avant de servir, si vous le désirez.
• Pour des tranches de pommes de terre minces et uniformes, utilisez une mandoline plutôt qu‘un couteau
"
4020,Dinde et farce « enflammées » pour l’Action de grâce entre amis,Cheetos Crunchy Flamin Hot.png,,1 h,2 h 30 mins,,FH Turkey and Stuffing-067_1920x625.jpg,FH Turkey and Stuffing-061_400x220.jpg,"À l’Action de grâce, vos amis vous décerneront le titre du plus précieux des amis grâce à cette recette de dinde et farce « enflammées » – Une recette qui ajoutera du piquant à cette journée toute spéciale!","Dinde « Enflammée » 

2 tasses de grignotines à saveur de fromage CHEETOS CROQUANT<sup>®</sup> Enflammé
1 tasse de chips tortilla aromatisées DORITOS<sup>®</sup> Enflammé Nacho 
1 tasse de croustilles RUFFLES<sup>®</sup> Enflammé Bar-B-Q 
1 dinde de 12 à 14 lb
2 oignons en dés
2 carottes en dés
2 branches de céleri en dés
1 bulbe d’ail coupé en deux
 1/2 tasse de beurre non salé, ramolli 
1 branche de sauge, de thym et de romarin frais 
2 tasses de bouillon de dinde
4 c. à thé de fécule de maïs

Farce au bacon et fromage « Enflammée »

4 tranches de bacon en dés
 1/4 tasse de beurre
1 oignon en dés
2 branches de céleri en dés
1 poivron rouge en dés
2 piments jalapeño épépinés, en dés
 1/4 tasse de sauge fraîche finement hachée
2 c. à table de thym et de romarin frais chacun, finement hachés
4 gousses d’ail émincées
5 tasses de pain de la veille en cubes
1 tasse de grignotines à saveur de fromage CHEETOS<sup>®</sup> CROQUANT<sup>®</sup> Enflammé
1 tasse de chips tortilla aromatisées DORITOS<sup>®</sup> Enflammé Nacho 
1 tasse de croustilles RUFFLES<sup>®</sup> Enflammé Bar-B-Q 
2 œufs légèrement battus
2 tasses de cheddar râpé
 1/4 tasse de parmesan 
","Dinde « Enflammée » : Préchauffer le four à 400 °F. Au robot culinaire, moudre finement les grignotines à saveur de fromage CHEETOS CROQUANT<sup>®</sup> Enflammé, les chips tortilla aromatisées DORITOS<sup>®</sup> Enflammé Nacho et les croustilles RUFFLES<sup>®</sup> Enflammé Bar-B-Q.
Retirer les abats et le cou de la dinde. Les déposer dans une rôtissoire et y ajouter les oignons, les carottes, le céleri et l’ail. Éponger la peau de la dinde avec du papier absorbant. Enrober la dinde de beurre (sans oublier d’en mettre dans la cavité et sous la peau); assaisonner la dinde du mélange moulu Enflammé (sans oublier d’en mettre dans la cavité et sous la peau). Insérer les branches de sauge, de thym et de romarin dans la cavité. Ficeler les cuisses de la dinde et replier le bout des ailes. Déposer la dinde, poitrine vers le haut, dans une rôtissoire munie d’une grille. 
Faire rôtir 15 minutes au bas du four, puis réduire la chaleur à 350 °F. Poursuivre la cuisson de 1 h 30 à 2 h ou jusqu’à ce que le thermomètre à viande inséré dans la partie la plus épaisse de l’intérieur de la cuisse indique 165 °F. Si la dinde brunit trop rapidement, la couvrir de papier d’aluminium. 
Retirer la ficelle, déposer la dinde sur un plat de service et laisser reposer 30 minutes. 
Écumer le gras du jus de cuisson dans la rôtissoire et le réserver pour la farce.
Entre-temps, faire chauffer la rôtissoire et son contenu (légumes, cou et abats) sur la cuisinière à feu moyen. Incorporer le bouillon de dinde et bien gratter le fond de la rôtissoire; porter à ébullition. À l’aide d’un fouet, mélanger 1/3 de tasse d’eau avec la fécule de maïs et verser graduellement dans la rôtissoire; porter à ébullition. Réduire le feu à moyen doux; laisser mijoter de 10 à 15 minutes ou jusqu’à ce que le liquide épaississe. Tamiser avant de servir.
Farce au bacon et fromage « Enflammée » : Faire chauffer une grande poêle à frire à feu moyen; y cuire le bacon de 3 à 5 minutes ou jusqu’à ce que les bords commencent à brunir. Incorporer le beurre. Ajouter l’oignon, le céleri, le poivron rouge, les piments jalapeños, la sauge, le thym, le romarin et l’ail; faire cuire de 5 à 8 minutes ou jusqu’à ce que mélange soit légèrement ramolli. Laisse refroidir complètement.
Mélanger les cubes de pain, les grignotines à saveur de fromage CHEETOS CROQUANT<sup>®</sup> Enflammé, les chips tortilla aromatisées DORITOS<sup>®</sup> Enflammé Nacho, les croustilles RUFFLES<sup>®</sup> Enflammé Bar-B-Q et le mélange au bacon. Incorporer les œufs, le cheddar et le parmesan (la farce doit être humectée, mais pas détrempée).
Déposer la farce dans un plat à cuisson graissé de 13 x 9 po. Arroser du jus de cuisson réservé. Couvrir d’un papier d’aluminium. Cuire au four à 375 °F de 30 à 40 minutes ou jusqu’à ce que la farce soit chaude.
10. Trancher la dinde et la servir avec la farce et la sauce.

Astuce : Pour accompagner la dinde d’une sauce aux canneberges sucrée et piquante, ajoutez-y des grignotines à saveur de fromage CHEETOS CROQUANT<sup>®</sup> Enflammé réduites en poudre, au goût."