Category,Name,Link,Product Image,Image,Description,Keywords,Ingredients,Alert,Portion,Nutrition Facts,Order,Weight,Wine Pairing,Featured,Featured Image,Signature Title,Signature Subtitle,Signature Content,Signature Banner,Signature Banner Mobile,Signature Image,Signature Image Mobile,Signature Video Key
Miss Vickie's<sup>®</sup>,"Croustilles cuites à la marmite MISS VICKIE’S<sup>®</sup> à saveur de cornichons à l’aneth épicés
",,miss-vickies-dill_pickle_packshots.png,MissVickies_Dill Pickle_200g_2.png,"<p> Les croustilles cuites à la marmite Miss Vickie's® à saveur de cornichons à l’aneth épicés sont concoctées à partir d’un mélange unique d’ingrédients pour vous offrir des arômes d’aneth, de persil, d’ail, de poivron vert et de poivre de Cayenne qui créent ce goût surprenant.
 
- Sans gras trans 
- Faible en gras saturés 
- Sans arôme ou colorant artificiel 
- Sans cholestérol 
- Sans agent de conservation </p>",,"POMMES DE TERRE SPÉCIALEMENT SÉLECTIONNÉES, HUILE VÉGÉTABLE, ASSAISONNEMENT (MALTODEXTRINE, SEL, SUCRE, POUDRE D’AIL, ACÉTAITE DE SODIUM, POUDRE DE POIVRON VERT, POUDRE D’OIGNON, ACIDE ACÉTIQUE* ACIDE CITRIQUE*, FINES HERBES ET EPICES (Y COMPRIS DES GRAINS D’ANETH), EXTRAIT DE LEVURE, DEXTROSE, EXTRAIT DE PAPRIKA, ARMÔE NATUREL) 
*AGENT ACIDIFANT ",,Pour 28 croustilles (50 g),"- Calories 260 |
- Lipides 15 g | 23 %
 -- Saturés 1.5 g | 8 %
 -- + Trans 0 g |  
- Cholestérol 0 mg | 0 %
- Sodium 330 mg | 14 %
- Glucides 30 g | 10 %
 -- Fibres 2 g | 8 %
 -- Sucres 1 g | 
- Protéines 3 g | 
- Vitamine A | 0 %
- Vitamine C | 20 %
- Calcium | 2 %
- Fer | 6 %
",1,,Sauvignon Blanc - Woodbridge par Robert Mondavi,0,,,,,,,,,
Miss Vickie's<sup>®</sup>,Croustilles cuites à la marmite MISS VICKIE’S<sup>®</sup> Recette originale,https://www.missvickies.ca/fr/products/croustilles-cuites-à-la-marmite-miss-vickie’s<sup>®</sup>-recette-originale,MissVickies_Original_200g_2.png,miss-vickies-packshot-200g-original-recipe.png,<p>Les croustilles cuites à la marmite Miss Vickie's<sup>®</sup>; Recette originale sont savamment assaisonnées de sel marin et offrent toute la texture croquante et distinctive des croustilles Miss Vickie's<sup>®</sup>. -&nbsp;&nbsp;&nbsp;&nbsp;&nbsp;&nbsp;&nbsp; Sans gras trans -&nbsp;&nbsp;&nbsp;&nbsp;&nbsp;&nbsp;&nbsp; Pauvres en gras saturés -&nbsp;&nbsp;&nbsp;&nbsp;&nbsp;&nbsp;&nbsp; Sans GMS -&nbsp;&nbsp;&nbsp;&nbsp;&nbsp;&nbsp;&nbsp; Aucun arôme ou colorant artificiel -&nbsp;&nbsp;&nbsp;&nbsp;&nbsp;&nbsp;&nbsp; Sans cholestérol -&nbsp;&nbsp;&nbsp;&nbsp;&nbsp;&nbsp;&nbsp; Sans agent de conservation -&nbsp;&nbsp;&nbsp;&nbsp;&nbsp;&nbsp;&nbsp; Sans gluten</p>,,"Pommes de terre spécialement sélectionnées, huile végétale, sel marin.",,Pour 31 croustilles (50 g),"- Calories 270 |
- Lipides 16 g | 25 %
 -- Saturés 1.5 g | 9 %
 -- + Trans 0 g |  
- Cholestérol 0 mg | 0 %
- Sodium 210 mg | 9 %
- Glucides 29 g | 10 %
 -- Fibres 2 g | 8 %
 -- Sucres 0 g | 
- Protéines 4 g | 
- Vitamine A | 0 %
- Vitamine C | 20 %
- Calcium | 0 %
- Fer | 6 %
",30,,Cabernet Sauvignon,0,,,,,,,,,
Miss Vickie's<sup>®</sup>,Croustilles cuites à la marmite MISS VICKIE’S<sup>®</sup> Vinaigre balsamique et oignons doux,https://www.missvickies.ca/fr/products/croustilles-cuites-à-la-marmite-miss-vickie’s<sup>®</sup>-vinaigre-balsamique-et-oignons-doux,MissVickies_BalsamicVinegarSweetOnion_200g.png,miss-vickies-packshot-200g-balsamic-vinegar-sweet-onion.png,<p>Les croustilles cuites à la marmite Miss Vickie's<sup>®</sup>; à saveur de Vinaigre balsamique et oignons doux présentent un mélange parfait de vinaigre balsamique acidulé et d&rsquo;oignons sucrés. -&nbsp;&nbsp;&nbsp;&nbsp;&nbsp;&nbsp;&nbsp; Sans gras trans -&nbsp;&nbsp;&nbsp;&nbsp;&nbsp;&nbsp;&nbsp; Pauvres en gras saturés -&nbsp;&nbsp;&nbsp;&nbsp;&nbsp;&nbsp;&nbsp; Sans GMS -&nbsp;&nbsp;&nbsp;&nbsp;&nbsp;&nbsp;&nbsp; Aucun arôme ou colorant artificiel -&nbsp;&nbsp;&nbsp;&nbsp;&nbsp;&nbsp;&nbsp; Sans cholestérol -&nbsp;&nbsp;&nbsp;&nbsp;&nbsp;&nbsp;&nbsp; Sans agent de conservation</p>,,"Pommes de terre spécialement sélectionnées, huile végétale, assaisonnement (sel, maltodextrine de mais, oignon en poudre, cassonade, sucre, acetate de sodium*, dextrose, arôme naturel (lait), maltodextrine de blé, acide acetique*, poudre d'ail, matière sèche du vinaigre balsamique, mélasse de fantaisie, acide malique, acide citrique*, matière sèche du vinaigre de malt (contient de l'orge), extraits de paprika). Contient des ingrédients du lait, du blé et de l'orge.
*Agent acidifiant ",,Pour 28 croustilles (50 g),"- Calories 260 | 
- Lipides 15 g | 23 %
 -- Saturés 1.5 g | 8 %
 -- + Trans 0 g |  
- Cholestérol 0 mg | 0 %
- Sodium 340 mg | 14 %
- Glucides 29 g | 10 %
 -- Fibres 2 g | 8 %
 -- Sucres 1 g | 
- Protéines 3 g | 
- Vitamine A | 0 %
- Vitamine C | 20 %
- Calcium | 2 %
- Fer | 6 %
",80,,Merlot,0,,,,,,,,,
Miss Vickie's<sup>®</sup>,Croustilles cuites à la marmite MISS VICKIE’S<sup>®</sup> cheddar de campagne et fines herbes,https://www.missvickies.ca/fr/products/croustilles-cuites-à-la-marmite-miss-vickie’s<sup>®</sup>-cheddar-de-campagne-et-fines-herbes,MissVickies_HarvestCheddarHerbs_200g.png,miss-vickies-packshot-200g-harvest-cheddar-herbs.png,"<p>Les croustilles cuites à la marmite MISS VICKIE'S<sup>®</sup> cheddar de campagne et fines herbes&nbsp;: un mélange unique de fines herbes, notamment du basilic, du persil et du romarin, parfaitement combiné à du fromage cheddar crémeux.</p>",,"POMMES DE TERRE SPÉCIALEMENT SÉLECTIONNÉES, HUILE VÉGÉTALE, ASSAISONNEMENT (MALTODEXTRINE DE MAÏS, SEL, POUDRE DE LACTOSÉRUM, BABEURRE EN POUDRE, FROMAGE CHEDDAR EN POUDRE, LAIT ÉCRÉMÉ EN POUDRE, OIGNON EN POUDRE, SUCRE, ARÔME NATUREL, POUDRE D'AIL, FINES HERBES, EXTRAIT DE LEVURE, BEURRE, GOMME ACACIA, GOMME DE GUAR, COLORANT). ",Contient des ingrédients du lait.,Teneur par portion de 50 g (28 croustilles),"- Calories 260 | 
- Lipides 15 g |  23 %
 -- Saturés 1.5 g | 9 %
 -- + Trans 0 g | 
- Cholestérol 0 mg | 0 %
- Sodium 310 mg | 13 %
- Glucides 29 g | 10 %
 -- Fibres 2 g | 8 %
 -- Sucres 1 g | 
- Protéines 4 g | 
- Vitamine A | 0 %
- Vitamine C | 20 %
- Calcium | 2 %
- Fer | 6 %
",10,,Sauvignon Blanc,0,,,,,,,,,
Miss Vickie's<sup>®</sup>,Croustilles cuites à la marmite MISS VICKIE’S<sup>®</sup> Jalapeño,https://www.missvickies.ca/fr/products/croustilles-cuites-à-la-marmite-miss-vickie’s<sup>®</sup>-jalapeño,MissVickies_Jalepeno_200g.png,miss-vickies-packshot-200g-jalapeno.png,"<p>Les croustilles cuites à la marmite Miss Vickie's<sup>®</sup> à saveur de Jalapeño sont concoctées à partir d&rsquo;un mélange unique d&rsquo;épices, incluant des piments jalapeño et un soupçon d&rsquo;oignons, de paprika et d&rsquo;ail, pour créer ce goût surprenant. -&nbsp;&nbsp;&nbsp;&nbsp;&nbsp;&nbsp;&nbsp; Sans gras trans -&nbsp;&nbsp;&nbsp;&nbsp;&nbsp;&nbsp;&nbsp; Pauvres en gras saturés -&nbsp;&nbsp;&nbsp;&nbsp;&nbsp;&nbsp;&nbsp; Sans GMS -&nbsp;&nbsp;&nbsp;&nbsp;&nbsp;&nbsp;&nbsp; Aucun arôme ou colorant artificiel -&nbsp;&nbsp;&nbsp;&nbsp;&nbsp;&nbsp;&nbsp; Sans cholestérol -&nbsp;&nbsp;&nbsp;&nbsp;&nbsp;&nbsp;&nbsp; Sans agent de conservation -&nbsp;&nbsp;&nbsp;&nbsp;&nbsp;&nbsp;&nbsp; Sans gluten</p>",,"Pommes de terre spécialement sélectionnées, huile végétale, assaisonnement (maltodextrine de mais, sel, dextrose, oignon en poudre, levure torula, épices, poudre de lactoserum, paprika, huile végétale, poudre d'ail, poudre de piment jalapeño, arômes naturels). Contient des ingrédients du lait.",,Pour 28 croustilles (50 g),"- Calories 260 | 
- Lipides 15 g | 23 %
 -- Saturés 1.5 g | 8 %
 -- + Trans 0 g |  
- Cholestérol 0 mg | 0 %
- Sodium 320 mg | 13 %
- Glucides 29 g | 10 %
 -- Fibres 2 g | 9 %
 -- Sucres 1 g | 
- Protéines 4 g | 
- Vitamine A | 0 %
- Vitamine C | 20 %
- Calcium | 2 %
- Fer | 6 %
",60,,White Zindfandel,0,,,,,,,,,
Miss Vickie's<sup>®</sup>,Croustilles cuites à la marmite MISS VICKIE’S<sup>®</sup> Recette originale Moins de gras,https://www.missvickies.ca/fr/products/croustilles-cuites-à-la-marmite-miss-vickie’s<sup>®</sup>-recette-originale-moins-de-gras,MissVickies_ReducedFat_Original.png,miss-vickies-packshot-200g-original-recipe-reduced-fat.png,<p>Les croustilles cuites à la marmite Miss Vickie's<sup>®</sup> Recette originale Moins de gras sont savamment assaisonnées de sel marin et contiennent 40 % moins de gras que la croustille la plus populaire. -&nbsp;&nbsp;&nbsp;&nbsp;&nbsp;&nbsp;&nbsp; 40% moins de gras que les croustilles les plus populaires -&nbsp;&nbsp;&nbsp;&nbsp;&nbsp;&nbsp;&nbsp; Sans gras trans -&nbsp;&nbsp;&nbsp;&nbsp;&nbsp;&nbsp;&nbsp; Pauvres en gras saturés -&nbsp;&nbsp;&nbsp;&nbsp;&nbsp;&nbsp;&nbsp; Sans GMS -&nbsp;&nbsp;&nbsp;&nbsp;&nbsp;&nbsp;&nbsp; Aucun arôme ou colorant artificiel -&nbsp;&nbsp;&nbsp;&nbsp;&nbsp;&nbsp;&nbsp; Sans cholestérol -&nbsp;&nbsp;&nbsp;&nbsp;&nbsp;&nbsp;&nbsp; Sans agent de conservation</p>,,"Pommes de terre spécialement sélectionnées, huile végétale, sel marin.",,Pour 31 croustilles (50 g),"- Calories 240 | 
- Lipides 10 g | 15 %
 -- Saturés 1.5 g | 7 %
 -- + Trans 0 g | 
- Cholestérol 0 mg | 0 %
- Sodium 230 mg | 10 %
- Glucides 34 g | 11 %
 -- Fibres 3 g | 11 %
 -- Sucres 2 g | 
- Protéines 4 g | 
- Vitamine A | 0 %
- Vitamine C | 20 %
- Calcium | 0 %
- Fer | 6 %
",90,,Cabernet Sauvignon,0,,,,,,,,,
Miss Vickie's<sup>®</sup>,Croustilles cuites à la marmite MISS VICKIE’S<sup>®</sup> Miel Et Dijon Croustilles,https://www.missvickies.ca/fr/products/croustilles-cuites-à-la-marmite-miss-vickie’s<sup>®</sup>-miel-et-dijon-croustilles,MissVickies_HoneyDijon_200g.png,miss-vickies-packshot-200g-honey-dijon.png,"<p>Les croustilles cuites à la marmite Miss Vickie's<sup>®</sup> Miel et Dijon marient le goût sucré du miel et la saveur sophistiquée de la moutarde de Dijon pour créer un mélange de saveurs sucrées-salées parfaitement équilibré.</p><p>Sans gras trans, pauvres en gras saturés, aucun arôme ou colorant artificiel, sans agent de conservation, sans cholestérol.&nbsp;</p>",,"OMMES DE TERRE SPÉCIALEMENT SÉLECTIONNÉES, HUILE VÉGÉTALE, ASSAISONNEMENT (SUCRE, MALTODEXTRINE DE MAÏS, SEL, MATIÈRE SÈCHE DU MIEL, AMIDON DE MAÏS MODIFIÉ, ÉPICES (Y COMPRIS DE LA MOUTARDE), OIGNON EN POUDRE, MATIÈRE SÈCHE DE MÉLASSE DE FANTAISIE, EXTRAIT DE LEVURE, ACIDE CITRIQUE*, POUDRE D'AIL, COLORANT, ARÔME NATUREL). *AGENT ACIDIFIANT.",CONTIENT DES INGRÉDIENTS DE LA MOUTARDE.,Teneur par portion de 50 g,"- Calories 260 | 
- Lipides 15 g | 23 %
 -- Saturés 1.5 g | 8 %
 -- + Trans 0 g | 
- Cholestérol 0 mg | 0 %
- Sodium 240 mg |10 %
- Glucides 30 g | 10 %
 -- Fibres 2 g | 8 %
 -- Sucres 2 g | 
- Protéines 3 g | 
- Vitamine A | 0 % 
- Vitamine C | 15 %
- Calcium | 2 %
- Fer | 6 %
",0,220 g,,0,,,,,,,,,
Miss Vickie's<sup>®</sup>,Croustilles cuites à la marmite MISS VICKIE’S<sup>®</sup> Sel marin et vinaigre de malt,https://www.missvickies.ca/fr/products/croustilles-cuites-à-la-marmite-miss-vickie’s<sup>®</sup>-sel-marin-et-vinaigre-de-malt,MissVickies_SeaSaltMaltVinegar_200g.png,miss-vickies-packshot-200g-sea-salt-mal-vinegar.png,"<p>Les croustilles cuites à la marmite Miss Vickie's<sup>®</sup> à saveur de Sel marin et vinaigre de malt sont, grâce à leur goût acidulé distinct, parmi les préférées des amateurs de croustilles. -&nbsp;&nbsp;&nbsp;&nbsp;&nbsp;&nbsp;&nbsp; Sans gras trans -&nbsp;&nbsp;&nbsp;&nbsp;&nbsp;&nbsp;&nbsp; Pauvres en gras saturés -&nbsp;&nbsp;&nbsp;&nbsp;&nbsp;&nbsp;&nbsp; Sans GMS -&nbsp;&nbsp;&nbsp;&nbsp;&nbsp;&nbsp;&nbsp; Aucun arôme ou colorant artificiel -&nbsp;&nbsp;&nbsp;&nbsp;&nbsp;&nbsp;&nbsp; Sans cholestérol -&nbsp;&nbsp;&nbsp;&nbsp;&nbsp;&nbsp;&nbsp; Sans agent de conservation</p>",,"Pommes de terre spécialement sélectionnées, huile végétale, assaisonnement (lactés, sel marin, maltodextrine de blé, acetate de sodium*, acide acetique*, matière sèche de vinaigre de malt (contient de l'orge), acide malique, acide citrique). Contient des ingrédients du lait, du blé et de l'orge
*Agent acidifiant",,Pour 28 croustilles (50 g),"- Calories 260 | 
- Lipides 15 g | 23 %
 -- Saturés 1.5 g | 8 %
 -- + Trans 0 g |  
- Cholestérol 0 mg | 0 %
- Sodium 260 mg | 19 %
- Glucides 29 g | 10 %
 -- Fibres 2 g | 8 %
 -- Sucres 2 g | 8 %
- Protéines 3 g |
- Vitamine A | 0 % 
- Vitamine C | 20 %
- Calcium | 2 %
- Fer | 6 %
",40,,Pinot Grigio,0,,,,,,,,,
Miss Vickie's<sup>®</sup>,Croustilles cuites à la marmite MISS VICKIE’S<sup>®</sup> Délice BBQ du Sud,https://www.missvickies.ca/fr/products/croustilles-cuites-à-la-marmite-miss-vickie’s<sup>®</sup>-délice-épicé-bbq,MissVickies_SweetSouthernBBQ_200g_2.png,miss-vickies-packshot-200g-sweet-southern-bbq.png,"<p>Les croustilles cuites à la marmite Miss Vickie's<sup>®</sup> Délice BBQ du Sud offrent une toute nouvelle saveur alléchante en combinant le goût sucré de la sauce barbecue à une touche piquante pour vous donner une collation à la fois sucrée, salée et épicée.</p>",,"POMMES DE TERRE SPÉCIALEMENT SÉLECTIONNÉES, HUILE VÉGÉTALE, ASSAISONNEMENT (SUCRE, SEL, MALTODEXTRINE DE MAÏS, ARÔMES NATURELS [LAIT], OIGNON EN POUDRE, LEVURE TORULA, POUDRE DE TOMATES, POUDRE D'AIL, ÉPICES, MÉLASSE, EXTRAITS DE PAPRIKA, HUILE DE MOUTARDE).",CONTIENT DES INGRÉDIENTS DU LAIT ET DE LA MOUTARDE.,Teneur par portion de 50 g,"- Calories 260 | 
- Lipides 15g | 23%
 -- Saturés 1.5g |
 -- + Trans 0g | 8%
- Cholestérol 0mg | 0%
- Sodium  300mg | 12%
- Glucides 29g | 10%
 -- Fibres 2g | 8%
 -- Sucres 2g | 
- Protéines 3g | 
- Vitamine A | 0%
- Vitamine C | 20%
- Calcium | 2%
- Fer | 6%
",0,220 g,Merlot - Woodbridge par Robert Mondavi,0,,,,,,,,,
Miss Vickie's<sup>®</sup>,Croustilles cuites à la marmite MISS VICKIE’S<sup>®</sup> BBQ fumé au bois de pommier,https://www.missvickies.ca/fr/products/croustilles-cuites-à-la-marmite-miss-vickie’s<sup>®</sup>-bbq-fumé-au-bois-de-pommier,MissVickies_ApplewoodSmokedBBQ_200g.png,miss-vickies-packshot-200g-applewood-smoked-bbq.png,<p>Les croustilles cuites à la marmite Miss Vickie's<sup>®</sup> à saveur de BBQ fumé au bois de pommier sont faites d&rsquo;ingrédients de qualité pour créer ce goût délicieux; un équilibre parfait entre la saveur de BBQ sucré et le goût fumé du bois de pommier. -&nbsp;&nbsp;&nbsp;&nbsp;&nbsp;&nbsp;&nbsp; Sans gras trans -&nbsp;&nbsp;&nbsp;&nbsp;&nbsp;&nbsp;&nbsp; Pauvres en gras saturés -&nbsp;&nbsp;&nbsp;&nbsp;&nbsp;&nbsp;&nbsp; Aucun arôme ou colorant artificiel -&nbsp;&nbsp;&nbsp;&nbsp;&nbsp;&nbsp;&nbsp; Sans cholestérol -&nbsp;&nbsp;&nbsp;&nbsp;&nbsp;&nbsp;&nbsp; Sans agent de conservation -&nbsp;&nbsp;&nbsp;&nbsp;&nbsp;&nbsp;&nbsp; Sans gluten</p>,,"Pommes de terre spécialement sélectionnées, huile végétale, assaisonnement (sucre, sel, arôme naturel, poudre de tomates, oignon en poudre, lait de beurre en poudre, levure torula, cassonade, poudre de mélasse, paprika, épices et fines herbes (contient de la moutarde), poudre d'ail, extrait de levure, maltodextrine de mais, colorant (contient des sulfites)). Contient des ingrédients du lait, de la moutarde et des sulfites.",,Pour 28 croustilles (50 g),"- Calories 270 | 
- Lipides 15 g | 23 %
 -- Saturés 1.5 g | 8 %
 -- + Trans 0 g |  
- Cholestérol 0 mg | 0 %
- Sodium 220 mg | 9 %
- Glucides 29 g | 10 %
 -- Fibres 2 g | 8 %
 -- Sucres 2 g | 
- Protéines 4 g |
- Vitamine A | 0 %
- Vitamine C | 20 %
- Calcium | 2 %
- Fer | 6 %
",20,,Merlot,0,,,,,,,,,
Miss Vickie's<sup>®</sup>,Croustilles cuites à la marmite MISS VICKIE’S<sup>®</sup> Non salées,https://www.missvickies.ca/fr/products/croustilles-cuites-à-la-marmite-miss-vickie’s<sup>®</sup>-non-salées,MissVickies_Unsalted_200g.png,miss-vickies-packshot-200g-unsalted.png,"<p>Les croustilles cuites à la marmite Miss Vickie's<sup>®</sup> Non salées offrent la même texture croquante parfaite que nos croustilles Recette originale, le sel en moins. -Sans gras trans -&nbsp;&nbsp;&nbsp;&nbsp;&nbsp;&nbsp;&nbsp; Pauvres en gras saturés -&nbsp;&nbsp;&nbsp;&nbsp;&nbsp;&nbsp;&nbsp; Sans GMS -&nbsp;&nbsp;&nbsp;&nbsp;&nbsp;&nbsp;&nbsp; Aucun arôme ou colorant artificiel -&nbsp;&nbsp;&nbsp;&nbsp;&nbsp;&nbsp;&nbsp; Sans cholestérol -&nbsp;&nbsp;&nbsp;&nbsp;&nbsp;&nbsp;&nbsp; Sans agent de conservation -&nbsp;&nbsp;&nbsp;&nbsp;&nbsp;&nbsp;&nbsp; Sans gluten</p>",,"Pommes de terre spécialement sélectionnées, huile végétale.",,Pour 31 croustilles (50 g),"- Calories 270 | 
- Lipides 16 g | 25 %
 -- Saturés 1.5 g | 9 %
 -- + Trans 0 g | 
- Cholestérol 0 mg | 0 %
- Sodium 0 mg | 0 %
- Glucides 29 g | 10 %
 -- Fibres 2 g | 8 %
 -- Sucres 0 g | 
- Protéines 4 g | 
- Vitamine A | 0 %
- Vitamine C | 20 %
- Calcium | 0 %
- Fer | 6 %
",100,,Cabernet Sauvignon,0,,,,,,,,,
Miss Vickie's<sup>®</sup>,Croustilles cuites à la marmite MISS VICKIE’S<sup>®</sup> Crème sure et oignons caramélisés,https://www.missvickies.ca/fr/products/croustilles-cuites-à-la-marmite-miss-vickie’s<sup>®</sup>-crème-sure-et-oignons-caramélisés,MissVickies_SourCreamCarmalizedOnion_200g_2.png,miss-vickies-packshot-200g-sour-cream-caramelized-onion.png,<p>Les croustilles cuites à la marmite Miss Vickie's<sup>®</sup> à saveur de Crème sure et oignons caramélisés offrent une sensation de goût unique en combinant les saveurs recherchées de la crème sure et des oignons caramélisés. -&nbsp;&nbsp;&nbsp;&nbsp;&nbsp;&nbsp;&nbsp; Sans gras trans -&nbsp;&nbsp;&nbsp;&nbsp;&nbsp;&nbsp;&nbsp; Pauvres en gras saturés -&nbsp;&nbsp;&nbsp;&nbsp;&nbsp;&nbsp;&nbsp; Sans GMS -&nbsp;&nbsp;&nbsp;&nbsp;&nbsp;&nbsp;&nbsp; Aucun arôme ou colorant artificiel -&nbsp;&nbsp;&nbsp;&nbsp;&nbsp;&nbsp;&nbsp; Sans cholestérol -&nbsp;&nbsp;&nbsp;&nbsp;&nbsp;&nbsp;&nbsp; Sans agent de conservation</p>,,"Pommes de terre spécialement sélectionnées, huile végétale, assaisonnement (sucre, sel, oignon déshydrate, matière sèche de crème sure, maltodextrine de mais, dextrose, matière sèche de glucose, arômes naturels, colorant, acide citrique*, ail déshydrate, acide lactique, ingrédients laitiers modifies, épices, extrait de levure, lactate de calcium, mono et diglyceride). Contient des ingrédients du lait.
*Agent Acidifiant",,Pour 28 croustilles (50 g),"- Calories 270 | 
- Lipides 15 g | 23 %
 -- Saturés 1.5 g | 9 %
 -- + Trans 0 g |  
- Cholestérol 0 mg | 0 %
- Sodium 310 mg | 13 %
- Glucides 29 g | 10 %
 -- Fibres 2 g | 8 %
 -- Sucres 2 g | 
- Protéines 3 g | 
- Vitamine A | 0 % 
- Vitamine C | 20 %
- Calcium | 2 %
- Fer | 6 %
",10,,Pinot Grigio,0,,,,,,,,,
Miss Vickie's<sup>®</sup>,Croustilles cuites à la marmite MISS VICKIE’S<sup>®</sup> Poivron et crème champêtre,https://www.missvickies.ca/fr/products/croustilles-cuites-à-la-marmite-miss-vickie’s<sup>®</sup>-poivron-et-crème-champêtre,MissVickies_SweetChiliSourCream_200g_2.png,miss-vickies-packshot-200g-sweet-chili-sour-cream.png,"<p>Les croustilles cuites à la marmite Miss Vickie's<sup>®</sup>; à saveur de Poivron et crème champêtre offrent une expérience riche en saveurs. La douceur des poivrons est combinée à la richesse de la crème sure pour créer cette collation gourmande au goût sucré, crémeux et acidulé! -&nbsp;&nbsp;&nbsp;&nbsp;&nbsp;&nbsp;&nbsp; Sans gras trans -&nbsp;&nbsp;&nbsp;&nbsp;&nbsp;&nbsp;&nbsp; Pauvres en gras saturés -&nbsp;&nbsp;&nbsp;&nbsp;&nbsp;&nbsp;&nbsp; Sans GMS -&nbsp;&nbsp;&nbsp;&nbsp;&nbsp;&nbsp;&nbsp; Aucun arôme ou colorant artificiel -&nbsp;&nbsp;&nbsp;&nbsp;&nbsp;&nbsp;&nbsp; Sans cholestérol -&nbsp;&nbsp;&nbsp;&nbsp;&nbsp;&nbsp;&nbsp; Sans agent de conservation -&nbsp;&nbsp;&nbsp;&nbsp;&nbsp;&nbsp;&nbsp; Sans gluten</p>",,"Pommes de terre spécialement sélectionnées, huile végétale, assaisonnement (sucre, sel, maltodextrine de mais, oignon en poudre, lactoserum, épices (contient de la poudre de chili), levure, dextrose, crème sure, acetate de sodium, acide acetique, arômes naturels, poudre d'ail, acide citrique, extrait de paprika). Contient des ingrédients du lait.",,Pour 28 croustilles (50 g),"- Calories 260 | 
- Lipides 15 g | 23 %
 -- Saturés 1.5 g | 8 %
 -- + Trans 0 g | 
- Cholestérol 0 mg | 0 %
- Sodium 400 mg | 16 %
- Glucides 29 g | 10 %
 -- Fibres 2 g | 8 %
 -- Sucres 1 g |
- Protéines | 3 g | 
- Vitamine A | 0 % 
- Vitamine C |  20 %
- Calcium | 2 %
- Fer | 6 %
",50,,Chardonnay,0,,,,,,,,,
Miss Vickie's<sup>®</sup>,Croustilles cuites à la marmite MISS VICKIE’S<sup>®</sup> Lime et poivre noir,https://www.missvickies.ca/fr/products/croustilles-cuites-à-la-marmite-miss-vickie’s<sup>®</sup>-lime-et-poivre-noir,MissVickies_LimeBlackPepper_200g_2.png,miss-vickies-packshot-200g-lime-black-pepper.png,<p>Les croustilles cuites à la marmite Miss Vickie's<sup>®</sup> Lime et poivre noir sont savamment assaisonnées de sel marin et offrent toute la texture croquante et distinctive des croustilles Miss Vickie's<sup>®</sup> -&nbsp;&nbsp;&nbsp;&nbsp;&nbsp;&nbsp;&nbsp; Sans gras trans -&nbsp;&nbsp;&nbsp;&nbsp;&nbsp;&nbsp;&nbsp; Pauvres en gras saturés -&nbsp;&nbsp;&nbsp;&nbsp;&nbsp;&nbsp;&nbsp; Sans GMS -&nbsp;&nbsp;&nbsp;&nbsp;&nbsp;&nbsp;&nbsp; Aucun arôme ou colorant artificiel -&nbsp;&nbsp;&nbsp;&nbsp;&nbsp;&nbsp;&nbsp; Sans cholestérol -&nbsp;&nbsp;&nbsp;&nbsp;&nbsp;&nbsp;&nbsp; Sans agent de conservation -&nbsp;&nbsp;&nbsp;&nbsp;&nbsp;&nbsp;&nbsp; Sans gluten</p>,,"Pommes de terre spécialement sélectionnées, huile végétale, assaisonnement (sel, sucre, poivre noir, crème sure, arômes naturels (contient du jus de lime), maltodextrine de mais, acide citrique*, levure*, acetate de sodium*, acide acetique*, lactoserum, acide malique). Contient des ingrédients du lait.
*Agent acidifiant ",,Pour 28 croustilles (50 g),"- Calories 260 | 
- Lipides 15 g | 23 %
 -- Saturés 1.5 g | 9 %
 -- + Trans 0 g | 
- Cholestérol 0 mg | 0 %
- Sodium 460 mg | 19 %
- Glucides 29 g | 10 %
 -- Fibres 2 g | 8 %
 -- Sucres 1 g | 
- Protéines 4 g | 
- Vitamine A | 0 %
- Vitamine C | 20 %
- Calcium | 2 %
- Fer | 6 %
",70,,Sauvignon Blanc,0,,,,,,,,,
Miss Vickie's<sup>®</sup>,MISS VICKIE’S<sup>®</sup> Croustilles cuites à la marmite Recette originale – 6 unités,https://www.missvickies.ca/fr/products/miss-vickie’s<sup>®</sup>-croustilles-cuites-à-la-marmite-recette-originale-–-6-unités,MP_MsVickiesOrg_6ct_0.png,miss-vickies-box-6.png,"<p>Les croustilles cuites à la marmite MISS VICKIE'S<sup>®</sup>  Recette originale sont concoctées avec soins à partir d'ingrédients simples et de qualité. Elles sont savamment assaisonnées de sel marin et offrent leur texture croquante qui les distingue. L'emballage multiple de croustilles cuites à la marmite MISS VICKIE'S<sup>®</sup>  Recette originale contient six sacs de 24 g, pour une solution de collation pratique, rapide et simple. Offrez-les à votre famille dès aujourd&rsquo;hui! *Pour obtenir de l&rsquo;information sur la valeur nutritive des produits inclus dans cet emballage multiple, veuillez consulter les pages des marques et saveurs respectives.</p>",,,,,,9000,,Cabernet Sauvignon,0,,,,,,,,,
Miss Vickie's<sup>®</sup>,"Mélange MISS VICKIE’S<sup>®</sup> (MISS VICKIE’S<sup>®</sup> Sel marin et vinaigre de malt, MISS VICKIE’S<sup>®</sup> Recette originale, MISS VICKIE’S<sup>®</sup> Poivron et crème champêtre)",https://www.missvickies.ca/fr/products/mélange-miss-vickie’s<sup>®</sup>-miss-vickie’s<sup>®</sup>-sel-marin-et-vinaigre-de-malt-miss-vickie’s<sup>®</sup>-recette,MV_Multi_18ct_Fre.png,miss-vickies-box-18_FR.png,"<p>Si vous cherchez une collation qui offre une expérience riche en saveurs, faite d'ingrédients simples et de qualité, essayez le Mélange MISS VICKIE'S<sup>®</sup>  qui contient dix-huit sacs de 24 g. Avec sa sélection de 4 saveurs, le Mélange MISS VICKIE'S<sup>®</sup> saura répondre aux goûts variés de votre famille! Que vous souhaitiez savourer la simple texture croquante des MISS VICKIE'S<sup>®</sup> ; Recette originale (6 sacs), des MISS VICKIE'S<sup>®</sup> Sel marin et vinaigre de malt (6 sacs), ou relaxer avec les MISS VICKIE'S<sup>®</sup>  Poivron et crème champêtre (6 sacs), il y a pour tous les goûts dans ce mélange! Optez pour le Mélange Miss Vickie's<sup>®</sup> et essayez ces saveurs de choix pour rehausser votre moment de collation! *Pour obtenir de l&rsquo;information sur la valeur nutritive des produits inclus dans cet emballage multiple, veuillez consulter les pages des marques et saveurs respectives.</p>",,,,,,9010,,,0,,,,,,,,,
Miss Vickie's<sup>®</sup> Signatures,Les croustilles cuites à la marmite MISS VICKIE’S<sup>®</sup> Signatures Saveur Truffes noires et parmesan,https://www.missvickies.ca/fr/products/les-croustilles-cuites-à-la-marmite-miss-vickie’s<sup>®</sup>-signatures-saveur-truffes-noires-et,MissVickies_Signatures_BlackTruffleParmesan.png,miss-vickies-packshot-200g-signatures-black-truffle-parmesan.png,"<p>Depuis 1987, les croustilles Miss Vickie's<sup>®</sup> cuites à la marmite sont fabriquées avec passion, selon des normes de qualité et de simplicité. La nouvelle collection de croustilles Miss Vickie's<sup>®</sup> Signatures offre une expérience gustative sensorielle unique grâce à des ingrédients tendance! Régalez-vous de la riche combinaison de saveurs de truffe noire et de parmesan. L'arôme des truffes noires et le goût relevé du parmesan charmeront vos sens. Réinventez votre plat de charcuterie avec la toute nouvelle saveur de croustilles Miss Vickie's<sup>®</sup>Signatures.</p>",,"Pommes de terre spécialement sélectionnées, huile végétale, assaisonnement (maltodextrine, sel, ingrédients laitiers modifiés, épices, huile de palme et/ou de coco modifiée, fromage parmesan, fromage cheddar, fromage suisse, arôme naturel [y compris de truffe]).",CONTIENT DES INGRÉDIENTS DU LAIT.,Pour 28 croustilles (50 g),"- Calories 260 |
- Lipides 15 g | 23 %
 -- Saturés 1.5 g | 8%
 -- + Trans 0 g | 
- Cholestérol 0 mg | 0 %
- Sodium 300 mg | 13 %
- Glucides 29 g | 10 %
 -- Fibres 2 g | 8 %
 -- Sucres 0 g | 
- Protéines 3 g | 
- Vitamine A | 0 %
- Vitaminee C | 15 %
- Calcium | 2 %
- Fer | 6 %
",99,180 g,,1,Miss-Vickies-black-slate_4_0.jpg,Les croustilles cuites à la marmite MISS VICKIE’S<sup>®</sup> Signatures Saveur Truffes noires et parmesan,Les arômes de truffes noires et le goût prononcé du fromage parmesan donnent un caractère inattendu à ce plateau alléchant.,<p><strong>Les meilleurs accords :</strong></p><p><strong>Fromages</strong><br />-Parmesan ou Gruyère<br />-Brillat-Savarin ou Brie</p><p><strong>Charcuteries</strong><br />-Salami<br />-Sopressata</p><p><strong>Fruits et légumes</strong><br />-Cœurs d&rsquo;artichaut<br />-Agrumes d&rsquo;hiver (oranges et oranges sanguines)<br />-Poires<br />-Olives noires séchées&nbsp;</p><p><strong>Garnitures et noix</strong><br />-Miel en rayon<br />-Amandes ou noix de cajou rôties au miel (ou les deux)<br />-Thym frais pour la garniture</p>,Header-01.jpg,02_Black-Truffle-Parm_mobile.jpg,Package-01_0.jpg,black_truffle_%26parmesan_mobile_0.jpg,AxBT2G88Xq0
Miss Vickie's<sup>®</sup> Signatures,Les croustilles cuites à la marmite MISS VICKIE’S<sup>®</sup> Signatures Saveur Échalote et vinaigrette au cidre de pommes,https://www.missvickies.ca/fr/products/les-croustilles-cuites-à-la-marmite-miss-vickie’s<sup>®</sup>-signatures-saveur-échalote-et,MissVickies_Signatures_AppleCiderVinaigrette.png,miss-vickies-packshot-200g-signatures-apple-cider-vinaigrette-shallots.png,"<p>Depuis 1987, les croustilles Miss Vickie's<sup>®</sup>; cuites à la marmite sont fabriquées avec passion, selon des normes de qualité et de simplicité. La nouvelle collection de croustilles Miss Vickie's<sup>®</sup> Signatures offre une expérience gustative sensorielle unique grâce à des ingrédients tendance! Savourez le moment avec la saveur raffinée d'échalote française et de vinaigrette au cidre de pommes. Cette éclatante combinaison de cidre de pommes sucré et piquant et de savoureuses notes d&rsquo;échalote vous offre une expérience gustative intense d'une croustille à l'autre!</p>","miss vickie's, croustille, croustilles, croustilles, croustilles cuites à la marmite, collations miss vickie's, croustille, croustilles miss vickies , croustilles mlle vickies , croustilles mme vickies , croustilles miss vickie , croustilles vickies , croustilles miss vickies , où puis-je acheter croustilles mme vickies , croustilles m vicky , croustilles miss Vicky, croustilles miss vickie's , croustilles vicky , croustilles mis vickies , croustilles marmite, croustilles cuites à la marmite, pomme de terre cuite à la marmite, croustilles cuites à la marmite, croustilles marmites, croustilles de patate douce marmite, croustilles marmite, marmite croustille, grignotine pour partys, grignotines pour un party, collations pour partys, grignotines, meilleures grignotines, meilleure grignotine, les meilleures collations","POMMES DE TERRE SPÉCIALEMENT SÉLECTIONNÉES, HUILE VÉGÉTALE, ASSAISONNEMENT (MALTODEXTRINE, SUCRE, SEL, OIGNON EN POUDRE, ÉPICES, MATIÈRE SÈCHE DE VINAIGRE DE CIDRE DE POMMES, COLORANT, ARÔME NATUREL).",,Pour 28 croustilles (50 g),"- Calories 260 | 
- Lipides 15 g | 23 %
 -- Saturés 1.5 g | 8 %
 -- + Trans  0 g | 
- Cholestérol  0 mg | 0 %
- Sodium 280 mg | 12 %
- Glucides 29 g | 10 %
 -- Fibres 2 g | 8 %
 -- Sucres 1 g | 
- Protéines 3 g | 
- Vitamine A | 0 % 
- Vitamine C | 20 %
- Calcium | 2 %
- Fer |  6 %
",100,,,1,Miss-Vickies-black-slate_2.jpg,Les croustilles cuites à la marmite MISS VICKIE’S<sup>®</sup> Signatures Saveur Échalote et vinaigrette au cidre de pommes,Cette éclatante combinaison de cidre de pommes sucré et piquant et de savoureuses notes d’échalote rehausse agréablement ce plateau.,"<p><strong style=""font-size: 13.008px;"">​Les meilleurs accords :</strong></p><p><strong>Fromages</strong><br />-Fromage bleu (Stilton ou Gorgonzola)<br />-Gruyère<br />-Fromage de chèvre à croûte fleurie</p><p><strong>Charcuteries</strong><br />-Prosciutto<br />-Salami<br />-Speck</p><p><strong>Fruits et légumes</strong><br />-Figues fraîches<br />-Olives Castelvetrano<br />-Raisins (rouges et verts)<br />-Pommes</p><p><strong>Condiments, garnitures et noix</strong><br />-Confiture de figues<br />-Noix de Grenoble<br />-Romarin frais ou sauge fraîche pour la garniture</p>",Header-02_1.jpg,03_AppleCider-Vinaigrette-Shallots_mobile.jpg,Package-02_0.jpg,apple_cider_vinagrette_shallots_mobile_0.jpg,g3IZ8LWXAbk
Miss Vickie's<sup>®</sup> Signatures,Les croustilles cuites à la marmite MISS VICKIE’S<sup>®</sup> Signatures Saveur Sel fumé à l’hickory,https://www.missvickies.ca/fr/products/les-croustilles-cuites-à-la-marmite-miss-vickie’s<sup>®</sup>-signatures-saveur-sel-fumé-à-l’hickory,MissVickies_Signatures_Hickory_Smoked.png,miss-vickies-packshot-200g-signatures-hickory-smoked-salt.png,"<p>Depuis 1987, les croustilles Miss Vickie's<sup>®</sup> cuites à la marmite sont fabriquées avec passion, selon des normes de qualité et de simplicité. La nouvelle collection de croustilles Miss Vickie's<sup>®</sup> Signatures offre une expérience gustative sensorielle unique grâce à des ingrédients tendance! Savourez cette délectable saveur de sel fumé à l'hickory qui accompagnera à merveille votre plat de charcuterie! Inspirée de l'arôme légèrement sucré et salé de l'hickory fumé, cette délicieuse saveur alimentera à coup sûr les conversations.</p>","miss vickie's, croustille, croustilles, croustilles, croustilles cuites à la marmite, collations miss vickie's, croustille, croustilles miss vickies , croustilles ms vickies , croustilles m vickies , croustilles miss vickie , croustilles vickies , croustilles miss vickies , où puis-je acheter croustilles mme vickies , croustilles mis vicky , croustilles miss Vicky, croustilles miss vickie's , croustilles vicky , croustilles mlle vickies , croustilles marmite, croustilles cuites à la marmite, pomme de terre cuite à la marmite, croustilles cuites à la marmite, croustilles marmites, croustilles de patate douce marmite, croustilles marmite, marmite croustille, grignotine pour partys, grignotines pour un party, collations pour partys, grignotines, meilleures grignotines, meilleure grignotine, les meilleures collations","POMMES DE TERRE SPÉCIALEMENT SÉLECTIONNÉES, HUILE VÉGÉTALE, ASSAISONNEMENT (MALTODEXTRINE, POUDRE DE LACTOSÉRUM, SEL MARIN, SEL, EXTRAIT DE LEVURE, HUILE VÉGÉTALE, OIGNON EN POUDRE, DEXTROSE, SUCRE, ACIDE CITRIQUE [AGENT ACIDIFIANT], ARÔME NATUREL).",CONTIENT DES INGRÉDIENTS DU LAIT.,Pour 28 croustilles (50 g),"- Calories 260 | 
- Lipides 15 g | 23 %
 -- Saturés 1.5 g | 8 %
 -- + Trans 0 g | 
- Cholestérol 0 mg | 0 %
- Sodium 310 mg | 13 %
- Glucides 29 g | 10 %
 -- Fibres 2 g | 8 %
 -- Sucres 1 g | 
- Protéines | 3 g | 
- Vitamine | A  0 %
- Vitamine C | 20 %
- Calcium | 2 %
- Fer | 6 %
",300,,,1,Miss-Vickies-black-slate_4.jpg,Les croustilles cuites à la marmite MISS VICKIE’S<sup>®</sup> Signatures Saveur Sel fumé à l’hickory,La saveur exquise de la fumée de hickory se marie parfaitement aux charcuteries et fromages les plus fins.,"<p><strong style=""font-size: 13.008px;"">​Les meilleurs accords :</strong></p><p><strong>Fromages</strong><br />-Cheddar vieilli<br />-Camembert<br />-Gouda</p><p><strong>Charcuteries</strong><br />-Chorizo<br />-Mortadelle</p><p><strong>Fruits et légumes</strong><br />-Mélange d&rsquo;olives marinées<br />-Abricots séchés<br />-Cornichons<br />-Radis (pourpre, melon d&rsquo;eau, déjeuner français)</p><p><strong>Condiments et noix</strong><br />-Moutarde Dijon<br />-Amandes Marcona&nbsp;</p>",Header-03_1.jpg,01_Hickory-Smoked-Salt_mobile.jpg,Package-03_0.jpg,Hickory_smoked_salt_mobile_0.jpg,kgBwnWP2O_Q