ID,Title,Link,Categories,Image,Description,Ingredients,Directions,Notes,Prep Time,Total Time,Servings,Related Products,Related Recipes,Average Ratings,Num Ratings,Order
6126,"Trempette aux haricots blancs, romarin et canneberges",https://www.stacys.ca/fr/recipes/trempette-aux-haricots-blancs-romarin-et-canneberges,Savoury,Rosemary-Cranberry-White-Bean-Dip_0.jpg,,"1 sac de croustilles de pita Stacy's&reg; Nature&reg;
1/4 tasse d'huile d'olive
1 c. &agrave; table de romarin frais, hach&eacute;
2 gousses d'ail, &eacute;minc&eacute;es
2 bo&icirc;tes de 14 oz de haricots Cannellini, &eacute;goutt&eacute;s
2 c. &agrave; th&eacute; de jus de citron
1/2 c. &agrave; th&eacute; de sel kosher
1/4 c. &agrave; th&eacute; de poivre noir moulu
1/4 tasse de canneberges s&eacute;ch&eacute;es, hach&eacute;es","Dans une po&ecirc;le, chauffer l'huile d'olive, l'ail et le romarin &agrave; feu doux pendant environ 10 minutes.
Mettre les haricots et le m&eacute;lange d'huile d'olive dans un robot culinaire et r&eacute;duire en pur&eacute;e en ajoutant le jus de citron. 
Diluer le m&eacute;lange au besoin en ajoutant quelques cuill&egrave;res &agrave; th&eacute; d'eau. Ajouter les canneberges et bien m&eacute;langer. 
Saler et poivrer. 
Garnir la trempette d'huile d'olive et de canneberges et savourer avec des croustilles de pita Stacy's&reg; Nature&reg;.",,10 min,10 min,,5489,"61,466,166",0,0,1
6076,Houmous jalape&ntilde;o et miel ,https://www.stacys.ca/fr/recipes/houmous-jalapeño-et-miel,"Savoury,Spicy,Sweet",Jalapeno-Hummus-with-Honey_0.jpg,,"1 sac de croustilles de pita Stacy's&reg; Cheddar grill&eacute;
1 jalape&ntilde;o, &eacute;p&eacute;pin&eacute; et r&ocirc;ti
1 contenant de Houmous classique Sabra
2 c. &agrave; table de miel
Pinc&eacute;e de sel et de poivre","&Eacute;p&eacute;piner le jalape&ntilde;o et le trancher en morceaux &agrave; la verticale. 
Placer le jalape&ntilde;o sous le gril dans le four, le c&ocirc;t&eacute; chair vers le bas jusqu'&agrave; ce qu'elle soit noire. 
Surveiller la cuisson tr&egrave;s r&eacute;guli&egrave;rement (devrait prendre environ 10 minutes, selon le four). 
Au robot culinaire, combiner le jalape&ntilde;o r&ocirc;ti, le houmous Sabra, le sel, le poivre et le miel et m&eacute;langer jusqu'&agrave; consistance homog&egrave;ne. 
Servir avec des croustilles de pita Stacy's&reg; Cheddar grill&eacute;.",,5 min,10 min,,5485,6006,0,0,2
6081,Fromage aux jalape&ntilde;os et aux piments,https://www.stacys.ca/fr/recipes/fromage-aux-jalapeños-et-aux-piments,"Savoury,Spicy",Jalapeno-Pimento-cheese_0.jpg,,"1 sac de croustilles de pita Stacy's&reg; Jalape&ntilde;o r&ocirc;ti
8 oz de cheddar au jalape&ntilde;o, r&acirc;p&eacute;
2 c. &agrave; table de mayonnaise
1 pot de 4 oz de piments, &eacute;goutt&eacute;s et hach&eacute;s
1/4 tasse de yogourt grec
1/4 c. &agrave; th&eacute; de poudre d'ail
1/8 tasse de jalape&ntilde;os marin&eacute;s, &eacute;goutt&eacute;s et hach&eacute;s
1/8 c. &agrave; th&eacute; de poudre de cayenne 
1/4 c. &agrave; th&eacute; de sel
1/4 c. &agrave; th&eacute; de poivre moulu
2 c. &agrave; th&eacute; de jus de citron","Au robot culinaire ou avec une r&acirc;pe, r&acirc;per le cheddar..
Ajouter les piments hach&eacute;s, les jalape&ntilde;os hach&eacute;s, la poudre de cayenne, le sel, le poivre, la poudre d'ail, la mayonnaise et le yogourt grec..
M&eacute;langer jusqu'&agrave; consistance homog&egrave;ne..
Selon la texture d&eacute;sir&eacute;e, rajouter du yogourt grec..
Verser le jus de citron..
Servir avec des croustilles de pita Stacy's&reg; Jalape&ntilde;o r&ocirc;ti",,10 min,,,5487,6111,0,0,3
6086,Fromage de ch&egrave;vre fouett&eacute; citron et romarin,https://www.stacys.ca/fr/recipes/fromage-de-chèvre-fouetté-citron-et-romarin,Savoury,Lemon-Rosemary-Whipped-Goat-Cheese_0.jpg,,"1 sac de croustilles de pita Stacy's&reg; Nature&reg;
11 oz de fromage de ch&egrave;vre
3 c. &agrave; table de yogourt grec nature
2 c. &agrave; table de romarin frais, tranch&eacute;
Zeste de 1 citron
Sel et poivre au go&ucirc;t
3 c. &agrave; table d'amandes, effil&eacute;es","Au robot culinaire, m&eacute;langer le fromage de ch&egrave;vre, le yogourt grec, le romarin et le zeste de citron jusqu'&agrave; consistance homog&egrave;ne. 
Saler et poivrer au go&ucirc;t. Verser dans un plat de service et parsemer d'amandes. 
Servir avec des croustilles de pita Stacy's&reg; Nature&reg;.",,5 min,,,,"59,866,126",0,0,4
6091,Queso et salsa Pico De Gallo Sabra,https://www.stacys.ca/fr/recipes/queso-et-salsa-pico-de-gallo-sabra,Spicy,Queso-with-Sabra-Pico-De-Gallo_0.jpg,,"1 sac de croustilles de pita Stacy's&reg; Jalape&ntilde;o r&ocirc;ti
1/2 tasse de cr&egrave;me extra-riche, selon la consistance d&eacute;sir&eacute;e                                                                                     6 oz de fromage &agrave; la cr&egrave;me, selon la consistance d&eacute;sir&eacute;e 
16 tranches de cheddar am&eacute;ricain
1 tasse de salsa Pico de Gallo avec morceaux Sabra&reg;
&OElig; tasse de fromage &agrave; la cr&egrave;me","Dans un bol moyen, combiner le fromage &agrave; la cr&egrave;me et la salsa  Pico de Gallo avec morceaux Sabra. R&eacute;server. 
Dans une casserole moyenne, verser la cr&egrave;me et amener &agrave; &eacute;bullition &agrave; feu tr&egrave;s doux en ajoutant une tranche de cheddar am&eacute;ricain &agrave; la fois. 
Fouetter jusqu'&agrave; ce que le fromage soit enti&egrave;rement fondu. Incorporer ensuite le m&eacute;lange de salsa et de fromage &agrave; la cr&egrave;me et m&eacute;langer jusqu'&agrave; consistance homog&egrave;ne. 
Servir avec des croustilles de pita Stacy's&reg; Jalape&ntilde;o r&ocirc;ti.",,5 min,5-10 min,,"54,876,191",6111,0,0,5
6096,Nachos de croustilles de pita m&eacute;diterran&eacute;ens,https://www.stacys.ca/fr/recipes/nachos-de-croustilles-de-pita-méditerranéens,Savoury,Mediterranean-Pita-Chip-Nachos-new.jpg,,"1 sac de croustilles de pita Stacy's&reg; Nature&reg;
1 contenant de Houmous aux poivrons rouges r&ocirc;tis  Sabra&reg;
1/2 lb de poitrine de poulet d&eacute;soss&eacute;e et sans peau
5 c. &agrave; table d'huile d'olive extra-vierge
1 c. &agrave; table d'ail, hach&eacute; finement
1 c. &agrave; th&eacute; d'origan frais, hach&eacute; finement
Zeste et jus de 1 citron
Pinc&eacute;e de sel et de poivre
1 tasse de tomate italienne, en petits d&eacute;s
1 tasse de concombre, en petits d&eacute;s
1/4 tasse d'olives Kalamata, grossi&egrave;rement hach&eacute;es","M&eacute;langer l'ail, l'origan et 1 cuill&egrave;re &agrave; table d'huile d'olive. Frotter le poulet avec le m&eacute;lange..
Saler et poivrer l&eacute;g&egrave;rement et placer le poulet sur le gril ou dans un plat &agrave; sauter jusqu'&agrave; ce qu'il soit cuit. R&eacute;server pour que le poulet refroidisse..
D&eacute;faire le poulet refroidi en morceaux et y ajouter 2 cuill&egrave;res &agrave; table d'huile d'olive, 1 cuill&egrave;re &agrave; table de jus de citron et 1 cuill&egrave;re &agrave; th&eacute; de zeste de citron. R&eacute;frig&eacute;rer..
Dans un autre bol, combiner les tomates, les concombres, les olives, 2 cuill&egrave;res &agrave; table d'huile d'olive, 2 cuill&egrave;res &agrave; th&eacute; de jus de citron et une pinc&eacute;e de sel et de poivre. M&eacute;langer et r&eacute;frig&eacute;rer..
Sur chaque croustille de pita, &eacute;tendre 1/2 cuill&egrave;re &agrave; table de houmous,  environ 1/2 cuill&egrave;re &agrave; table du m&eacute;lange de tomates et un peu de poulet au citron..
Servir froid ou &agrave; la temp&eacute;rature de la pi&egrave;ce..
Savourez!",,20 min,40 min,,5489,,0,0,6
6101,"Croustilles de pita Stacy's&reg; Multigrain, brie, prosciutto et confiture de figues",https://www.stacys.ca/fr/recipes/croustilles-de-pita-stacys®-multigrain-brie-prosciutto-et-confiture-de-figues,Savoury,PAIRING-Stacys-Multigrain-pita-chips%2C-brie%2C-proscuitto-%26-fig-jam_0.jpg,,"Croustilles de pita Stacy's&reg; Multigrain
Brie
Confiture de figues
Prosciutto","Garnir chaque croustille de pita Stacy's&reg; Multigrain de brie, de prosciutto et de confiture de figues",,5 min,,,5481,,0,0,7
6106,Boulettes de fromage piments et bacon,https://www.stacys.ca/fr/recipes/boulettes-de-fromage-piments-et-bacon,Spicy,Pimento-and-Bacon-Individual-Cheese-Balls_0.jpg,,"1 sac de croustilles de pita Stacy's&reg;Jalape&ntilde;o r&ocirc;ti
10 oz de fromage aux piments
18 oz de bacon, cuit et coup&eacute; en d&eacute;s (environ 1 &oelig; tasse)
1 &oelig; tasse de pacanes, grill&eacute;es et hach&eacute;es finement 
1 &oelig; jalape&ntilde;o, &eacute;p&eacute;pin&eacute; et hach&eacute; finement","Pr&eacute;chauffer le four &agrave; 350&deg;F. Sur une plaque &agrave; p&acirc;tisserie, &eacute;tendre les pacanes uniform&eacute;ment et les faire rotir de 5 &agrave; 10 minutes. Une fois refroidies, les hacher finement. &Eacute;p&eacute;piner et hacher finement les jalape&ntilde;os. 
Au robot culinaire, bien m&eacute;langer le bacon, les pacanes et les jalape&ntilde;os. 
Verser le fromage aux piments dans un bol moyen. Avec une cuill&egrave;re, fa&ccedil;onner des boulettes de la grosseur d&eacute;sir&eacute;e. 
Rouler chaque boulette de fromage dans le m&eacute;lange de bacon, de jalape&ntilde;os et de pacanes en appuyant fermement pour que le m&eacute;lange y adh&egrave;re bien. 
R&eacute;frig&eacute;rer les boulettes jusqu'&agrave; ce qu'elles soient fermes et les conserver au frais jusqu'au moment de les servir avec des croustilles de pita Stacy's&reg; Jalape&ntilde;o r&ocirc;ti.",,15 min,35-50 min,,5487,6111,0,0,8
6111,"Pico de Gallo, grenade et avocat",https://www.stacys.ca/fr/recipes/pico-de-gallo-grenade-et-avocat,Spicy,Pomegranate-Avocado-Pico-de-Gallo_0.jpg,,"1 sac de croustilles de pita Stacy's&reg; Jalape&ntilde;o r&ocirc;ti 
1/2 jalape&ntilde;o hach&eacute; (en ajouter pour augmenter le piquant)
1/4 tasse d'oignon rouge, en d&eacute;s de &OElig; po
1 gousse d'ail, hach&eacute;e
Pinc&eacute;e de sel 
3/4 tasse de tomates italiennes, en d&eacute;s de &OElig; po
1/2 tasse de graines de grenade
2 c. &agrave; table de coriandre, hach&eacute;e
1 avocat, en d&eacute;s de &OElig; po
Jus de 1 lime","Dans un bol, combiner le jus de lime, le jalape&ntilde;o, l'oignon, l'ail et le sel. Laisser reposer 5 minutes..
Y ajouter les tomates, les graines de grenade, la coriandre, puis incorporer d&eacute;licatement l'avocat..
Servir avec des croustilles de pita Stacy's&reg; Jalape&ntilde;o r&ocirc;ti.",,10 min,,,5487,,0,0,9
6116,Trempette au fromage de ch&egrave;vre parfum&eacute;e aux fines herbes grill&eacute;es,https://www.stacys.ca/fr/recipes/trempette-au-fromage-de-chèvre-parfumée-aux-fines-herbes-grillées,"Savoury,Sweet",Roasted-Herb-%26-Goat-Cheese-Dip_0.jpg,,"1 sac de croustilles de pita Stacy's&reg; Nature&reg;
8 oz de fromage de ch&egrave;vre
4 oz de fromage &agrave; la cr&egrave;me, all&eacute;g&eacute; en gras
1/4 c. &agrave; th&eacute; de thym, &eacute;minc&eacute;
1/2 c. &agrave; th&eacute; de sauge, &eacute;minc&eacute;e
1 1/2 c. &agrave; table de persil, &eacute;minc&eacute;
3 gousses d'ail, &eacute;minc&eacute;es
Poivre noir moulu
3 c. &agrave; table d'huile d'olive (individuelle)
Fines herbes comme garniture","Pr&eacute;chauffer le four &agrave; 350&deg;F. Dans un robot culinaire, ajouter le fromage de ch&egrave;vre, le fromage &agrave; la cr&egrave;me all&eacute;g&eacute; en gras, les fines herbes, l'ail, une pinc&eacute;e de poivre noir et 1 cuill&egrave;re &agrave; table d'huile d'olive. 
M&eacute;langer pendant 30 secondes &agrave; la fois, jusqu'&agrave; ce que les fines herbes soient bien incorpor&eacute;es au m&eacute;lange. 
Verser le m&eacute;lange dans un plat allant au four, poivrer l&eacute;g&egrave;rement et verser les 2 cuill&egrave;res &agrave; table d'huile d'olive restantes sur le dessus. 
Cuire environ 15 minutes ou jusqu'&agrave; ce que le dessus soit brun et bouillonne. 
Garnir la trempette des fines herbes restantes et d'un filet d'huile d'olive. 
Servir imm&eacute;diatement avec des croustilles de pita Stacy's&reg; Nature&reg;.",,10 min,15 min,,5489,,0,0,10
6121,Houmous aux poivrons rouges r&ocirc;tis et Zatar,https://www.stacys.ca/fr/recipes/houmous-aux-poivrons-rouges-rôtis-et-zatar,Savoury,Roasted-Red-Pepper-and-Zatar-Hummus000052-Edited_0.jpg,,"1 sac de croustilles de pita Stacy's&reg; Nature&reg;
10 oz de Houmous aux poivrons rouges r&ocirc;tis Sabra&reg;
2 c. &agrave; table de Zatar ou de votre m&eacute;lange pr&eacute;f&eacute;r&eacute; d'&eacute;pices du Moyen-Orient
3 c. &agrave; table d'huile d'olive extra-vierge","Dans un bol, m&eacute;langer l'huile d'olive et le Zatar et laisser reposer une heure..
Dans un bol de service, ajouter le houmous, puis y verser le m&eacute;lange Zatar..
Servir avec des croustilles de pita Stacy's&reg; Nature",,5 min,1 h,,5489,6006,0,0,11
6071,Trempettes individuelles &eacute;pinards et artichauts,https://www.stacys.ca/fr/recipes/trempettes-individuelles-épinards-et-artichauts,Savoury,IndividualSpinachArtichokeDips_0.jpg,,"1 sac de croustilles de pita Stacy's&reg; Nature&reg;
2 bo&icirc;tes (14 oz) de coeurs d'artichauts, &eacute;goutt&eacute;s et tranch&eacute;s
1 emballage (10 oz) d'&eacute;pinards surgel&eacute;s, d&eacute;gel&eacute;s, &eacute;goutt&eacute;s et bien essor&eacute;s
1 tasse de mozzarella partiellement &eacute;cr&eacute;m&eacute;, r&acirc;p&eacute;
1/4 tasse de parmesan r&acirc;p&eacute;
1 tasse de yogourt grec faible en gras
1 contenant (8 oz) de fromage &agrave; la cr&egrave;me r&eacute;duit en gras, ramolli et coup&eacute; en d&eacute;s
1 contenant (8 oz) de fromage &agrave; la cr&egrave;me sans gras, ramolli et coup&eacute; en d&eacute;s
4 gousses d'ail, &eacute;minc&eacute;es (1 c. &agrave; table)
1/2 c. &agrave; th&eacute; de flocons de piment rouge
1/2 c. &agrave; th&eacute; de poivre noir moulu
1/2 poivron rouge, en d&eacute;s","Pr&eacute;chauffer le four &agrave; 350&deg;F..
R&eacute;server la moiti&eacute; du mozzarella et du parmesan..
Dans un grand bol, m&eacute;langer le reste des ingr&eacute;dients, sauf le poivron rouge et les croustilles de pita Stacy's&reg; Nature&reg;..
Verser le  m&eacute;lange dans un plat de cuisson antiadh&eacute;sif de 1-1/2 pinte..
Cuire de 20 &agrave; 30 minutes, jusqu'&agrave; ce que le m&eacute;lange bouillonne..
Verser dans des coupes individuelles de votre choix et y ins&eacute;rer 1 ou 2 croustilles de pita Stacy's&reg; Nature.",,10 min,15-20 min,,5489,6056,0,0,12
6131,Tartinade de saumon fum&eacute; et ciboulette,https://www.stacys.ca/fr/recipes/tartinade-de-saumon-fumé-et-ciboulette,Savoury,Smoked-Salmon-Chive-Spread_0.jpg,,"1 sac de croustilles de pita Stacy's&reg; Nature&reg;
3/4 tasse de fromage &agrave; la cr&egrave;me
1/4 tasse de cr&egrave;me sure
1/4 tasse de beurre non sal&eacute; 
4 oz de saumon fum&eacute;, en d&eacute;s
2 c. &agrave; table de ciboulette, hach&eacute;e
1 c. &agrave; table de jus de citron
1/4 c. &agrave; th&eacute; de sel","Au robot culinaire, m&eacute;langer le fromage &agrave; la cr&egrave;me, la cr&egrave;me sure, le beurre, le jus de citron et le sel..
Verser dans un bol et incorporer le saumon fum&eacute; et la ciboulette..
Servir comme tartinade avec des croustilles de pita Stacy's&reg; Nature&reg;.",,8 min,,,5489,,0,0,13
6136,Trempette piment&eacute;e citrouille et chipotle,https://www.stacys.ca/fr/recipes/trempette-pimentée-citrouille-et-chipotle,"Savoury,Spicy,Sweet",Spicy-Chipotle-Pumpkin-Hummus-_0.jpg,,"1 sac de croustilles de pita Stacy's&reg; Multigrain
1 contenant de Houmous classique Sabra&reg; 
1 bo&icirc;te de 15 oz de pur&eacute;e de citrouille
2 piments chipotle
1 gousse d'ail, &eacute;minc&eacute;e
1 c. &agrave; table de miel
&OElig; c. &agrave; th&eacute; de cannelle
&OElig; c. &agrave; th&eacute; de poudre de cayenne
&oelig; c. &agrave; th&eacute; de cumin
&oelig; c. &agrave; th&eacute; d'origan
1 c. &agrave; th&eacute; de poudre de chili
Pinc&eacute;e de sel et de poivre
Graines de citrouille (une pinc&eacute;e)","Au robot culinaire, bien m&eacute;langer le houmous Sabra et la pur&eacute;e de citrouille. 
Hacher finement les piments chipotle. Les verser dans un bol moyen et y ajouter l'ail, le miel, la cannelle, la poudre de cayenne, le cumin, l'origan, la poudre de chili, le sel et le poivre. 
Incorporer la quasi-totalit&eacute; du m&eacute;lange au houmous (le reste servira comme garniture). 
Verser le tout dans un bol de service. 
Saupoudrer du reste du m&eacute;lange, arroser d'un filet d'huile et saupoudrer de graines de citrouille. 
Servir avec des croustilles de pita Stacy's&reg; Multigrain.",,10 min,,,"54,816,191","59,866,146",0,0,14
6141,"Trempette au yogourt grec, &eacute;pinards et chou fris&eacute;",https://www.stacys.ca/fr/recipes/trempette-au-yogourt-grec-épinards-et-chou-frisé,Savoury,Spinach-%26-Kale-Greek-Yogurt-Dip_0.jpg,,"1 sac de croustilles de pita Stacy's&reg; Parmesan, ail et fines herbes
1 contenant (17 oz) de yogourt grec 
3 c. &agrave; table de mayonnaise
2 c. &agrave; table de miel
1 tasse de chou fris&eacute; (Kale), finement hach&eacute; 
1 tasse d'&eacute;pinards, finement hach&eacute;s 
3 petits oignons verts, finement hach&eacute;s
1/3 tasse de poivron rouge, finement hach&eacute;
1/4 tasse de carottes, finement hach&eacute;es 
2 gousses d'ail, finement hach&eacute;es
1/2 c. &agrave; th&eacute; de sel
1/4 c. &agrave; th&eacute; de poivre
1/4 c. &agrave; th&eacute; de paprika fum&eacute;
Coeurs d'artichauts comme garniture (facultatif)","Hacher le chou, les &eacute;pinards, les oignons verts, le poivron rouge et les carottes aussi finement que possible..
Mettre ensuite tous les ingr&eacute;dients (sauf les croustilles de pita) dans un bol et bien m&eacute;langer. Assaisonner au go&ucirc;t..
R&eacute;frig&eacute;rer quelques heures avant de servir pour maximiser les saveurs..
Servir avec des croustilles de pita Stacy's&reg; Parmesan, ail et fines herbes.",,10 min,2-3 h,,5479,6056,0,0,15
6146,Trempette au cheddar blanc et sriracha ,https://www.stacys.ca/fr/recipes/trempette-au-cheddar-blanc-et-sriracha,"Savoury,Spicy",Sriracha-White-Cheddar-Dip_0.jpg,,"1 sac de croustilles de pita Stacy's&reg; Nature&reg; 
1 bulbe d'ail 
1 c. &agrave; table d'huile d'olive
10 oz de fromage &agrave; la cr&egrave;me, all&eacute;g&eacute; en gras (selon la consistance d&eacute;sir&eacute;e)
1 c. &agrave; table de f&eacute;cule de ma&iuml;s
1/2 tasse de yogourt grec nature 
2 tasses de cheddar blanc extra fort
1 c. &agrave; table de sriracha","Pr&eacute;chauffer le four &agrave; 415&deg;F. Retirer la plupart des membranes qui recouvrent les gousses d'ail et en couper les t&ecirc;tes. Arroser le dessus des gousses d'huile d'olive, puis les envelopper dans du papier d'aluminium. Cuire l'ail au four 35 minutes.
Au robot culinaire, combiner le fromage &agrave; la cr&egrave;me all&eacute;g&eacute; en gras, la f&eacute;cule de ma&iuml;s, le yogourt grec, le cheddar blanc et le sriracha. 
Lorsque l'ail est r&ocirc;ti, appuyer au bas de la t&ecirc;te jusqu'&agrave; ce que l'ail soit &eacute;ject&eacute; et le mettre dans le robot culinaire. M&eacute;langer le tout jusqu'&agrave; consistance homog&egrave;ne. 
Verser la trempette dans une po&ecirc;le &agrave; frire, la faire chauffer &agrave; feu moyen en remuant souvent jusqu'&agrave; ce qu'elle bouillonne. 
Servir imm&eacute;diatement avec des croustilles de pita Stacy's&reg; Nature&reg;.",,10 min,35 min,,5489,"61,266,166",0,0,16
6151,Trempette aux tomates s&eacute;ch&eacute;es et au fromage de ch&egrave;vre,https://www.stacys.ca/fr/recipes/trempette-aux-tomates-séchées-et-au-fromage-de-chèvre,Savoury,Sundried-Tomato-Goat-Cheese_0.jpg,,"1 sac de croustilles de pita Stacy's&reg; Cheddar grill&eacute;
8 oz de tomates s&eacute;ch&eacute;es 
8 oz de fromage de ch&egrave;vre ramolli
1 tasse de yogourt grec
2 c. &agrave; table d'huile d'olive
1 c. &agrave; th&eacute; d'origan
1 c. &agrave; th&eacute; de romarin
1/2 c. &agrave; th&eacute; de sel marin et de grains de poivre noir grossi&egrave;rement  moulus 
1/4 tasse d'eau (facultatif)","Utiliser du fromage de ch&egrave;vre &agrave; la temp&eacute;rature de la pi&egrave;ce. 
Au robot culinaire, m&eacute;langer les tomates s&eacute;ch&eacute;es et l'huile d'olive (doit donner de gros morceaux). 
Ajouter la cr&egrave;me sure et le fromage de ch&egrave;vre dans le robot. M&eacute;langer pendant environ 5 minutes, jusqu'&agrave; ce que la texture soit lisse. 
Ajouter de l'eau, selon la consistance d&eacute;sir&eacute;e. 
Ajouter du sel, du poivre, de l'origan et du romarin, puis arroser d'un filet d'huile d'olive une fois la trempette dans le bol. 
Servir avec des croustilles de pita Stacy's&reg; Cheddar grill&eacute;.",,10 min,,,5485,,0,0,17
6156,Croustilles de pita au cheddar grill&eacute; et soupe aux tomates,https://www.stacys.ca/fr/recipes/croustilles-de-pita-au-cheddar-grillé-et-soupe-aux-tomates,Savoury,Toasted-Cheddar-Pita-Chips-%26-Tomato-Soup_0.jpg,,"1 sac de croustilles de pita Stacy's&reg; Cheddar grill&eacute;
5-6 grosses tomates m&ucirc;res, tranch&eacute;es
4-5 gousses d'ail, &eacute;cras&eacute;es
1 c. &agrave; th&eacute; de poivre fra&icirc;chement moulu
2-3 c. &agrave; table d'huile d'olive
Sel au go&ucirc;t
1/2 tasse de bouillon de poulet chaud ou d'eau (facultatif)
Cr&egrave;me comme garniture (facultatif)
Basilic frais comme garniture (facultatif)","M&eacute;langer les tomates, l'ail, l'huile, le sel et le poivre et &eacute;tendre la pr&eacute;paration sur une plaque &agrave; p&acirc;tisserie ou sur une plaque &agrave; r&ocirc;tir recouverte de papier d'aluminium..
R&ocirc;tir au four de 30 &agrave; 45 minutes ou jusqu'&agrave; ce que les tomates fl&eacute;trissent. Laisser refroidir 10 minutes..
Mettre le m&eacute;lange de tomates et d'ail r&ocirc;tis dans le m&eacute;langeur..
Ajouter du bouillon chaud au go&ucirc;t. Garnir de basilic frais..
Napper de cr&egrave;me en spirale et parsemer de basilic avant de servir..
Servir avec des croustilles de pita Stacy's&reg; Cheddar grill&eacute; comme accompagnement ou garniture.",,15 min,30-45 min,,5485,,0,0,18
6161,Tzatziki ,https://www.stacys.ca/fr/recipes/tzatziki,Savoury,Tzatziki-_0.jpg,,"1 sac de croustilles de pita Stacy's&reg; Nature&reg; 
1 tasse de concombre, pel&eacute; et &eacute;minc&eacute;
2 gousses d'ail, pel&eacute;es
4 c. &agrave; table d'huile d'olive
3 c. &agrave; table d'aneth, finement hach&eacute;
2 contenants de 16 oz de yogourt grec
Pinc&eacute;e de sel et de poivre","Peler et couper finement le concombre. L'&eacute;tendre uniform&eacute;ment sur un essuie-tout et le saupoudrer de sel. 
Laisser reposer 5 minutes. Extraire l'exc&eacute;dent d'eau. 
Au robot culinaire, m&eacute;langer l'ail et l'huile d'olive jusqu'&agrave; l'obtention d'une p&acirc;te lisse. 
Verser la p&acirc;te dans un bol moyen et ajouter le concombre, l'aneth, le yogourt et une pinc&eacute;e de sel et de poivre. 
Remuer le m&eacute;lange jusqu'&agrave; ce qu'il soit parfaitement homog&egrave;ne. 
Verser dans un plat de service, arroser d'un filet d'huile d'olive et savourer avec des croustilles de pita Stacy's&reg; Nature&reg;.",,15 min,,,5489,6056,0,0,19
6166,"Trempette chaude miel, fromage et figues",https://www.stacys.ca/fr/recipes/trempette-chaude-miel-fromage-et-figues,"Savoury,Sweet",Warm-Honey-Cheese-Fig-Dip_0.jpg,,"1 sac de croustilles de pita Stacy's&reg; Nature&reg; 
8 oz de fromage &agrave; la cr&egrave;me, ramolli
4 oz de fromage mascarpone, ramolli
8 oz de fromage gorgonzola, &eacute;miett&eacute;
1 tasse de figues s&eacute;ch&eacute;es, hach&eacute;es (et ajouter pour la garniture, si d&eacute;sir&eacute;)
3 c. &agrave; table de miel (en ajouter pour arroser, si d&eacute;sir&eacute;)","Pr&eacute;chauffer le four &agrave; 375&deg;F..
Dans un bol, m&eacute;langer le fromage &agrave; la cr&egrave;me, le mascarpone et le gorgonzola avec une spatule jusqu'&agrave; consistance cr&eacute;meuse..
Incorporer les figues et le miel. Remuer jusqu'&agrave; consistance homog&egrave;ne..
Verser le m&eacute;lange dans un plat allant au four..
Cuire de 15 &agrave; 20 minutes. Le m&eacute;lange est pr&ecirc;t lorsqu'il est dor&eacute; et qu'il bouillonne..
Garnir de figues et d'un filet de miel..
Servir avec des croustilles de pita Stacy's&reg; Nature&reg;",,8 min,15-20 min,,5489,"61,266,146",0,0,20
6171,Sangria et cidre chauds,https://www.stacys.ca/fr/recipes/sangria-et-cidre-chauds,Savoury,Warm-Sangria-Cider_0.jpg,,"1 bouteille de vin rouge
4 tasses de cidre de pomme
1/4 tasse de miel
1/2 tasse de rhum &eacute;pic&eacute;
1 pomme tranch&eacute;e (en ajouter pour la garniture)
2 cl&eacute;mentines coup&eacute;es en deux (en ajouter pour la garniture)
3 b&acirc;tons de cannelle
8 clous de girofle
1 gousse de vanille
1 c. &agrave; th&eacute; de muscade
4 tranches de gingembre frais
Anis &eacute;toil&eacute;e","Verser le vin, le cidre, le miel, le rhum, les tranches de pommes et les cl&eacute;mentines dans un gros chaudron et chauffer &agrave; feu bas..
Pendant que le liquide chauffe, faire griller les b&acirc;tons de cannelle, les clous de girofle, l'anisette &eacute;toil&eacute;e, la vanille, la muscade et le gingembre dans une po&ecirc;le &agrave; frire pendant 5 minutes en remuant &agrave; l'occasion..
Ajouter au liquide et remuer jusqu'&agrave; ce que le tout soit bien m&eacute;lang&eacute;..
Faire mijoter 30 minutes, en remuant &agrave; l'occasion, pour permettre aux &eacute;pices de s'infiltrer et au miel de se dissoudre..
Ne pas faire bouillir le liquide..
Servir chaud, garni de tranches de pommes et de cl&eacute;mentines.",,10 min,35 min,,5489,6066,0,0,21
6021,"Trempette cotija, jalape&ntilde;o et ma&iuml;s",https://www.stacys.ca/fr/recipes/trempette-cotija-jalapeño-et-maïs,"Savoury,Spicy",Cotija-Jalapeno-Corn-Dip_0.jpg,,"1 sac de croustilles de pita Stacy's&reg; Jalape&ntilde;o r&ocirc;ti
2 bo&icirc;tes (11 oz) de ma&iuml;s sucr&eacute; en grains, &eacute;goutt&eacute;
1 jalape&ntilde;o, &eacute;p&eacute;pin&eacute; et &eacute;minc&eacute;
2 c. &agrave; table de beurre non sal&eacute;
3 c. &agrave; table de mayonnaise
2 c. &agrave; table fromage cotija, &eacute;miett&eacute;
2 c. &agrave; table de feuilles de coriandre fra&icirc;che, hach&eacute;es
1/2 c. &agrave; th&eacute; de sel
Une pinc&eacute;e de poivre de cayenne","Faire fondre le beurre dans une grande po&ecirc;le &agrave; frire &agrave; feu moyen &eacute;lev&eacute;. 
Ajouter le ma&iuml;s et le jalape&ntilde;o hach&eacute; et cuire en remuant &agrave; l'occasion jusqu'&agrave; ce que le m&eacute;lange soit cuit et l&eacute;g&egrave;rement noirci; ce qui devrait prendre de 8 &agrave; 10 minutes. 
Ajouter la mayonnaise, le fromage cotija, la coriandre, le poivre de cayenne et le sel. Remuer jusqu'&agrave; ce que le tout soit bien m&eacute;lang&eacute;. 
Servir avec des croustilles de pita Stacy's&reg; Jalape&ntilde;o r&ocirc;ti.",,12 min,8-10 min,,5487,,0,0,22
5971,Trempette &agrave; l'avocat et au f&eacute;ta,https://www.stacys.ca/fr/recipes/trempette-à-lavocat-et-au-féta,Spicy,Avocado-Feta-Dip_0.jpg,,"1 sac de croustilles de pita Stacy's&reg; Cheddar grill&eacute;
2 avocats, d&eacute;noyaut&eacute;s et pel&eacute;s
1/2 tasse de fromage f&eacute;ta
1/2 c. &agrave; th&eacute; d'ail, &eacute;minc&eacute;
1 c. &agrave; table de jalape&ntilde;o, &eacute;minc&eacute;
1/4 tasse de coriandre, hach&eacute;e
1/4 tasse d'oignon, hach&eacute;
Jus d'une lime
Sel et poivre au go&ucirc;t","Au robot culinaire, m&eacute;langer les avocats, le f&eacute;ta, l'ail, le jalape&ntilde;o, la coriandre, l'oignon et le jus de lime jusqu'&agrave; consistance lisse. 
Saler et poivrer au go&ucirc;t. 
Servir avec des croustilles de pita Stacy's&reg; Cheddar grill&eacute;.",,10 min,10 min,,5485,5986,0,0,23
5976,Salsa &agrave; l'avocat et &agrave; l'orange,https://www.stacys.ca/fr/recipes/salsa-à-lavocat-et-à-lorange,Spicy,Avocado-Orange-Salsa_0.jpg,,"1 sac de croustilles de pita Stacy's&reg; Nature&reg; 
OU de croustilles de pita Stacy's&reg; Jalape&ntilde;o r&ocirc;ti
2 avocats pel&eacute;s, d&eacute;noyaut&eacute;s et hach&eacute;s
4 oranges sanguines pel&eacute;es, segment&eacute;es et hach&eacute;es
1/4 tasse d'oignon rouge, en d&eacute;s
1 1/2 c. &agrave; th&eacute; de jus de lime
1 c. &agrave; table de jalape&ntilde;o, hach&eacute;
1 c. &agrave; table de coriandre, hach&eacute;e
1/2 c. &agrave; th&eacute; de sel","Dans un bol, mettre tous les ingr&eacute;dients (sauf les croustilles de pita) et m&eacute;langer doucement..
Servir imm&eacute;diatement avec des croustilles de pita Stacy's&reg; Nature&reg; ou Stacy's&reg; Jalape&ntilde;o r&ocirc;ti.",,10 min,10 min,,5489,5986,0,0,24
5986,Trempette au fromage fontina cuit,https://www.stacys.ca/fr/recipes/trempette-au-fromage-fontina-cuit,Savoury,Baked-Fontina-Dip_0.jpg,,"1 sac de croustilles de pita Stacy's&reg; Parmesan, ail et fines herbes 
1 1/2 lb de fromage fontina italien, coup&eacute; en cubes (sans la cro&ucirc;te)
6 gousses d'ail, &eacute;minc&eacute;es
1 c. &agrave; table de thym, hach&eacute;
1 c. &agrave; th&eacute; de romarin, hach&eacute;
3 c. &agrave; table d'huile d'olive
Une pinc&eacute;e de sel et de poivre","Allumer l'&eacute;l&eacute;ment du haut dans le four..
Verser le fromage dans le fond d'une po&ecirc;le en fonte..
Arroser d'huile..
M&eacute;langer l'ail et les fines herbes s&eacute;par&eacute;ment, puis les saupoudrer uniform&eacute;ment sur le fromage..
Verser une pinc&eacute;e de sel et de poivre sur la pr&eacute;paration..
Cuire de 5 &agrave; 7 minutes, jusqu'&agrave; ce que le fromage bouillonne et fonde. Retirer du four et verser d&eacute;licatement dans un plat de service..
Servir imm&eacute;diatement avec des croustilles de pita Stacy's&reg; Parmesan, ail et fines herbes.",,5 min,5-7 min,,5479,6106,0,0,25
5991,"Trempette aux bananes, cacao et noisettes",https://www.stacys.ca/fr/recipes/trempette-aux-bananes-cacao-et-noisettes,Sweet,Banana-Hazelnut-Cocoa-Dip_0.jpg,,"1 sac de bretzels Minces Stacy's&reg; Nature&reg; 
1/2 tasse de bananes en pur&eacute;e (2 bananes moyennes)
1/2 tasse de Nutella
8 oz de garniture fouett&eacute;e Cool Whip L&eacute;g&egrave;re","Dans un bol moyen, m&eacute;langer tous les ingr&eacute;dients jusqu'&agrave; consistance homog&egrave;ne. 
R&eacute;frig&eacute;rer 2 heures, puis servir avec des bretzels Minces Stacy's&reg; Nature&reg;.",,5 min,2 h,,5501,,0,0,26
5996,Houmous à la courge Butternut,https://www.stacys.ca/fr/recipes/houmous-à-la-courge-butternut,Savoury,Butternut-Squash-Hummus_0.jpg,,"1 sac de Stacy's® Croustilles de pita Nature
1 1/2 tasse de courge Butternut r&ocirc;tie (la moiti&eacute; d'une courge Butternut de 2,5 lb)
1 1/2 c. &agrave; th&eacute; d'huile d'olive (pour la courge)
1 c. &agrave; table d'huile d'olive (pour la trempette)
1 1/2 tasse de pois chiches cuits
2 c. &agrave; soupe de beurre de s&eacute;same (tahini)
2 gousses d'ail, &eacute;minc&eacute;es
Jus de 1 citron
2 c. &agrave; soupe d'eau
1/2 c. &agrave; th&eacute; de paprika fum&eacute; 
1/4 c. &agrave; th&eacute; de cumin
Poivre moulu","Pr&eacute;chauffer le four &agrave; 425&deg;F..
Couper la courge en deux et l'&eacute;p&eacute;piner..
Frotter l'int&eacute;rieur de la courge avec 1 1/2 cuill&egrave;re &agrave; th&eacute; d'huile d'olive..
Placer la courge sur une plaque &agrave; p&acirc;tisserie du c&ocirc;t&eacute; huil&eacute; et faire r&ocirc;tir au four pendant 30 minutes..
Retirer du feu et laisser refroidir..
Une fois la courge refroidie, pr&eacute;lever une quantit&eacute; correspondant &agrave; 1 1/2 tasse..
Au robot culinaire, m&eacute;langer la courge, la cuill&egrave;re &agrave; table d'huile d'olive, les pois chiches, le beurre de s&eacute;same, l'ail et le jus de citron jusqu'&agrave; consistance homog&egrave;ne..
Ajouter les &eacute;pices et m&eacute;langer..
Servir avec des croustilles de pita Stacy's&reg; Nature&reg;.",,15 min,30 min,,5489,6006,0,0,27
6001,Bouch&eacute;es de poulet et avocat,https://www.stacys.ca/fr/recipes/bouchées-de-poulet-et-avocat,Spicy,Chicken-Avocado-Bites_0.jpg,,"1 sac de croustilles de pita Stacy's&reg; Jalape&ntilde;o r&ocirc;ti
Poulet de r&ocirc;tisserie
Sauce BBQ 
Avocat
Cheddar r&acirc;p&eacute;
Limes","D&eacute;faire le poulet et le m&eacute;langer &agrave; votre sauce BBQ pr&eacute;f&eacute;r&eacute;e.  R&eacute;server..
&Eacute;taler les croustilles de pita sur une plaque &agrave; p&acirc;tisserie..
Verser une cuill&egrave;re du m&eacute;lange de poulet sur chaque croustille..
Napper de fromage et de morceaux d'avocat..
Cuire 10 minutes au four &agrave; 250&deg;F. Presser la lime sur le m&eacute;lange. Servir chaud.",,10 min,10 min,,5487,6111,0,0,28
6006,Houmous au chili vert,https://www.stacys.ca/fr/recipes/houmous-au-chili-vert,"Savoury,Spicy",Chile-Verde-Hummus_0.jpg,,"1 sac de croustilles de pita Stacy's&reg; Jalape&ntilde;o r&ocirc;ti
1 contenant de Houmous classique Sabra&reg; 
4 tomatilles pel&eacute;es et coup&eacute;es en d&eacute;s
1 piment poblano r&ocirc;ti, pel&eacute;, &eacute;p&eacute;pin&eacute; et coup&eacute; en d&eacute;s
2 poivrons Anaheim r&ocirc;tis, pel&eacute;s, &eacute;p&eacute;pin&eacute;s et coup&eacute;s en d&eacute;s
1 c. &agrave; table d'huile d'olive extra-vierge
1/4 tasse d'oignon blanc, en d&eacute;s
1 c. &agrave; table d'ail, hach&eacute;
1 c. &agrave; table de jus de lime
2 c. &agrave; table de coriandre, hach&eacute;e
1/2 avocat en morceaux
Sel au go&ucirc;t","Pr&eacute;chauffer le four &agrave; 400&deg;F..
Mettre les tomatilles dans une po&ecirc;le &agrave; frire ou sur une plaque &agrave; p&acirc;tisserie et mettre au four..
Cuire 20 minutes, jusqu'&agrave; ce que la chair commence &agrave; brunir..
Retirer les tomatilles du four et les hacher grossi&egrave;rement..
Chauffer l'huile d'olive dans la po&ecirc;le &agrave; feu moyen. Ajouter l'oignon et l'ail et cuire jusqu'&agrave; ce qu'ils soient translucides et commencent &agrave; brunir..
Au robot culinaire, m&eacute;langer le houmous, les tomatilles, la moiti&eacute; du m&eacute;lange oignon-ail, la moiti&eacute; du piment et des poivrons, le jus de lime, l'avocat, la coriandre et le sel jusqu'&agrave; consistance homog&egrave;ne. Verser dans un bol..
Incorporer le reste du m&eacute;lange oignon-ail, du piment et des poivrons et r&eacute;frig&eacute;rer 2 heures..
Servir avec des croustilles de pita Stacy's&reg; Jalape&ntilde;o r&ocirc;ti.",,15 min,2 h 20 min,,"54,876,191",,0,0,29
6011,Burgers de chorizo,https://www.stacys.ca/fr/recipes/burgers-de-chorizo,Spicy,Chorizo-Sliders_0.jpg,,"1 sac de croustilles de pita Stacy's&reg; Jalape&ntilde;o r&ocirc;ti
1 contenant d'oignons au vinaigre
8 oz de saucisses chorizo 
1 poivron rouge
Guacamole Sabra&reg; 
Cr&egrave;me sure
Coriandre","Cuire les saucisses dans une po&ecirc;le &agrave; frire jusqu'&agrave; ce qu'elles soient dor&eacute;es..
Couper les oignons au vinaigre, le poivron rouge et la coriandre..
Verser une cuill&egrave;re de chorizo sur chaque croustille de pita..
Napper de guacamole Sabra&reg; et de cr&egrave;me sure, puis parsemer d'oignons au vinaigre, de poivron rouge et de coriandre.",,10 min,5 min,,5487,6091,0,0,30
6016,Trempette au yogourt grec et &agrave; la coriandre,https://www.stacys.ca/fr/recipes/trempette-au-yogourt-grec-et-à-la-coriandre,"Savoury,Spicy,Sweet",Cilantro-Greek-Yogurt-Dip_0.jpg,,"1 sac de croustilles de pita Stacy's&reg; Jalape&ntilde;o r&ocirc;ti
1 &OElig; tasse de yogourt grec nature
&Yuml; tasse de mayonnaise l&eacute;g&egrave;re
&Yuml; tasse de coriandre
Jus de 2 limes
Pinc&eacute;e de sel et de poivre","Mettre tous les ingr&eacute;dients (sauf les croustilles de pita) dans le robot culinaire et m&eacute;langer jusqu'&agrave; consistance homog&egrave;ne. 
R&eacute;frig&eacute;rer 1 heure et servir avec des croustilles de pita Stacy's&reg; Jalape&ntilde;o r&ocirc;ti.",,5 min,1 h,,5487,6056,0,0,31
5966,Houmous en 5 couches,https://www.stacys.ca/fr/recipes/houmous-en-5-couches,Savoury,5-Layer-Hummus_0.jpg,,"1 sac de croustilles de pita Stacy's&reg; Nature&reg;
1 contenant de Houmous aux poivrons rouges r&ocirc;tis Sabra&reg;
1 contenant de salsa &agrave; l'ail r&ocirc;ti Sabra&reg;
1 tasse de cr&egrave;me sure r&eacute;duite en gras
1 c. &agrave; th&eacute; de jus de lime frais
2 c. &agrave; table de coriandre, finement hach&eacute;e
1 tasse de cheddar r&acirc;p&eacute; r&eacute;duit en gras
2 avocats m&ucirc;rs, d&eacute;noyaut&eacute;s et pel&eacute;s","Dans un petit bol, fouetter la cr&egrave;me sure, le jus de lime et la coriandre..
R&eacute;server..
Dans un bol moyen, &eacute;craser les avocats, puis les m&eacute;langer jusqu'&agrave; consistance cr&eacute;meuse..
&Eacute;tendre le houmous uniform&eacute;ment dans le fond d'un petit plat de cuisson..
Parsemer uniform&eacute;ment le houmous de fromage..
Verser les avocats sur le fromage et &eacute;tendre uniform&eacute;ment avec une spatule..
Verser la cr&egrave;me sure sur les avocats et &eacute;tendre uniform&eacute;ment avec une spatule..
Napper de salsa et &eacute;tendre uniform&eacute;ment avec une spatule..
Couvrir et laisser refroidir au moins 30 minutes..
Servir avec des croustilles de pita Stacy's&reg; Nature..
Savourez!",,10 min,30 min,,5489,6006,0,0,32
6026,Trempette cr&eacute;meuse et bruschetta,https://www.stacys.ca/fr/recipes/trempette-crémeuse-et-bruschetta,Savoury,Creamy-Bruschetta-Dip_0.jpg,,"1 sac de croustilles de pita Stacy's&reg; Nature&reg; ou Stacy's&reg; Parmesan, ail et fines herbes
1 tasse de tomates italiennes, en d&eacute;s
1/4 tasse d'oignons rouges, &eacute;minc&eacute;s
1 c. &agrave; th&eacute; d'ail, finement &eacute;minc&eacute;
3 c. &agrave; table d'huile d'olive
1/4 c. &agrave; th&eacute; de poivre noir
2 c. &agrave; table d'eau
2 c. &agrave; th&eacute; de sucre
1/2 c. &agrave; th&eacute; de sel
1/4 tasse de feuilles de basilic frais, cisel&eacute;
2 c. &agrave; table de persil, finement hach&eacute;
1/2 tasse de Houmous aux noix de pin r&ocirc;ties Sabra&reg;","Dans un bol, combiner les tomates, les oignons, l'ail, l'huile d'olive, le poivre, l'eau, le sucre, le sel, le basilic et le persil. Bien m&eacute;langer. R&eacute;frig&eacute;rer une heure..
Incorporer d&eacute;licatement le m&eacute;lange au houmous jusqu'&agrave; consistance homog&egrave;ne..
Servir avec des croustilles de pita Stacy's&reg; Nature&reg; ou Stacy's&reg; Parmesan, ail et fines herbes.",,15 min,1 h,,5489,,0,0,33
6031,Trempette cr&eacute;meuse jalape&ntilde;o et f&eacute;ta,https://www.stacys.ca/fr/recipes/trempette-crémeuse-jalapeño-et-féta,"Savoury,Spicy",Creamy-Jalapeno-Feta-Dip_0.jpg,,"1 sac de croustilles de pita Stacy's&reg; Jalape&ntilde;o r&ocirc;ti
2 briques de fromage f&eacute;ta de 8 oz chacune
3 jalape&ntilde;os
1/4 tasse + 2 c. &agrave; th&eacute; d'huile d'olive 
1 bulbe d'ail
Jus et zeste d'un demi-citron
Sel
Poivre","Pr&eacute;chauffer le four &agrave; 400&deg;F..
Couper le dessus du bulbe d'ail et l'arroser d'une cuill&egrave;re &agrave; th&eacute; d'huile d'olive..
Recouvrir de papier d'aluminium et cuire de 25 &agrave; 30 minutes ou jusqu'&agrave; ce que l'ail soit dor&eacute;..
Verser un filet d'huile d'olive sur les jalape&ntilde;os. Saler et poivrer..
Les cuire au four avec l'ail jusqu'&agrave; ce qu'ils soient noircis..
Retirer du feu et laisser refroidir..
Une fois les jalape&ntilde;o refroidis, retirer la peau. Les couper   en deux et les &eacute;p&eacute;piner, puis les couper en petits d&eacute;s..
Dans un grand bol, &eacute;mietter le f&eacute;ta (le f&eacute;ta d&eacute;j&agrave; &eacute;miett&eacute; fait aussi l'affaire)..
Le m&eacute;langer aux jalape&ntilde;os et au zeste et jus du demi-citron..
Presser l'ail pour l'extraire de la gousse et l'incorporer au f&eacute;ta..
Ajouter &OElig; tasse d'huile d'olive et m&eacute;langer selon que vous pr&eacute;f&eacute;rez une trempette ou une tartinade..
Assaisonner au go&ucirc;t..
Servir avec des croustilles de pita Stacy's&reg; Jalape&ntilde;o r&ocirc;ti.",,20 min,35 min,,5487,6111,0,0,34
6036,Trempette cr&eacute;meuse yogourt et fines herbes,https://www.stacys.ca/fr/recipes/trempette-crémeuse-yogourt-et-fines-herbes,Savoury,Creamy-Yogurt-%26-Herb-Dip_0.jpg,,"1 sac de croustilles de pita Stacy's&reg; Nature&reg;
6 oz de yogourt grec
5 oz de fromage de ch&egrave;vre
2 oignons verts, &eacute;minc&eacute;s 
2 c. &agrave; table de persil frais, &eacute;minc&eacute; 
1 c. &agrave; table d'aneth frais, &eacute;minc&eacute; 
1 c. &agrave; th&eacute; de sel kosher
1 c. &agrave; th&eacute; de jus de citron
3/4 c. &agrave; th&eacute; de poivre noir fra&icirc;chement moulu","Dans un m&eacute;langeur ou un robot culinaire, m&eacute;langer le yogourt grec, le fromage de ch&egrave;vre, les oignons verts, le persil et l'aneth..
Assaisonner de sel et de poivre au go&ucirc;t..
Verser dans un bol et r&eacute;frig&eacute;rer 1 heure, puis servir avec des croustilles de pita Stacy's&reg; Nature&reg;.",,8 min,1 h,,5489,6056,0,0,35
6041,Houmous aux &eacute;damames,https://www.stacys.ca/fr/recipes/houmous-aux-édamames,Savoury,Edamame-Hummus_0.jpg,,"1 sac de croustilles de pita Stacy's&reg; Multigrain 
1 tasse d'&eacute;damames, cuits
1/4 tasse de beurre de s&eacute;same (tahini)
1 1/2 c. &agrave; table de jus de citron
1 gousse d'ail, pel&eacute;e
2 c. &agrave; table d'un m&eacute;lange de thym et de basilic, grossi&egrave;rement hach&eacute;s 
2 c. &agrave; table d'huile d'olive 
Sel et poivre au go&ucirc;t","Au robot culinaire, combiner les &eacute;damames, le beurre de s&eacute;same, le jus de citron, l'ail et les fines herbes. 
M&eacute;langer le tout jusqu'&agrave; ce qu'&agrave; consistance homog&egrave;ne. 
Ajouter lentement l'huile d'olive jusqu'&agrave; ce que le m&eacute;lange soit enti&egrave;rement homog&egrave;ne; ajouter plus d'huile selon la consistance d&eacute;sir&eacute;e. Sel et poivre au go&ucirc;t. 
Servir avec des croustilles de pita Stacy's&reg; Multigrain.",,8 min,,,5481,6006,0,0,36
6046,Trempette f&eacute;ta et artichauts,https://www.stacys.ca/fr/recipes/trempette-féta-et-artichauts,Savoury,Feta-Artichoke-Dip_0.jpg,,"1 sac de croustilles de pita Stacy's&reg; Nature&reg; 
&oelig; tasse de yogourt grec nature
? tasse de tasse de mayonnaise l&eacute;g&egrave;re 
2 c. &agrave; th&eacute; d'ail, &eacute;minc&eacute;
8 oz de fromage f&eacute;ta, &eacute;miett&eacute;
Bo&icirc;te de 14 oz de coeurs d'artichauts, hach&eacute;s
Bo&icirc;te de 4 oz de piments, en d&eacute;s
&oelig; tasse de parmesan, r&acirc;p&eacute;","Pr&eacute;chauffer le four &agrave; 350&deg;. 
Graisser un plat allant au four ou une cocotte et r&eacute;server. 
Dans un bol, m&eacute;langer tous les ingr&eacute;dients (sauf les croustilles de pita et le parmesan) jusqu'&agrave; consistance homog&egrave;ne. 
Verser dans la cocotte et parsemer de parmesan. 
Cuire la trempette de 15 &agrave; 20 minutes jusqu'&agrave; qu'elle bouillonne. 
Servir avec des croustilles de pita Stacy's&reg; Nature",,5 min,,,5489,,0,0,37
6051,Trempette &agrave; la grecque ,https://www.stacys.ca/fr/recipes/trempette-à-la-grecque,Savoury,Greek-Dip_0.jpg,,"1 sac de croustilles de pita Stacy's&reg; Nature&reg; 
1 contenant de Houmous Sabra&reg; en format familial (environ 16 oz)
1/2 tasse de f&eacute;ta, &eacute;miett&eacute;
1 contenant (7 oz) d'olives Calamata d&eacute;noyaut&eacute;es, &eacute;goutt&eacute;es et coup&eacute;es
1/4 tasse de poivrons rouges, r&ocirc;tis et hach&eacute;s
1/4 tasse de pepperoncini doux, tranch&eacute;s (facultatif)
1 grosse tomate, en d&eacute;s
1 petit concombre, en d&eacute;s
1 c. &agrave; table d'origan ou d'aneth frais, hach&eacute;","&Eacute;tendre une couche de houmous uniform&eacute;ment dans un moule &agrave; tarte peu profond..
Parsemer de f&eacute;ta, d'olives, de poivrons rouges, de pepperoncini, de tomates et de concombres. Garnir d'origan frais et servir avec des croustilles de pita Stacy's&reg; Nature.",,5 min,,,5489,6056,0,0,38
6056,Trempette Ranch et yogourt grec,https://www.stacys.ca/fr/recipes/trempette-ranch-et-yogourt-grec,"Savoury,Sweet",Greek-Yogurt-Ranch-Dip_0.jpg,,"1 sac de croustilles de pita Stacy's&reg; Cheddar grill&eacute;
1 1/3 tasse de yogourt grec nature
1 gousse d'ail, &eacute;minc&eacute;e
2 1/2 c. &agrave; table de persil, finement hach&eacute;
1 c. &agrave; th&eacute; de ciboulette, s&eacute;ch&eacute;e
1 1/4 c. &agrave; th&eacute; d'aneth, s&eacute;ch&eacute;
3/4 c. &agrave; th&eacute; de poudre d'oignon
1/4 c. &agrave; th&eacute; de sel
1/4 c. &agrave; th&eacute; de poivre noir moulu","Dans un bol, mettre tous les ingr&eacute;dients (sauf les croustilles de pita) et fouetter jusqu'&agrave; consistance homog&egrave;ne. 
R&eacute;frig&eacute;rer 1 heure, puis servir avec des Croustilles de pita Stacy's&reg; Cheddar grill&eacute;.",,5 min,1 h,,5485,,0,0,39
6061,Guacamole et ananas grill&eacute;s,https://www.stacys.ca/fr/recipes/guacamole-et-ananas-grillés,"Savoury,Spicy",Grilled-Pineapple-Guacamole_0.jpg,,"1 sac de croustilles de pita Stacy's&reg; Jalape&ntilde;o r&ocirc;ti
1 contenant de Guacamole classique Sabra 
&oelig; ananas, &eacute;vid&eacute; et coup&eacute; en tranches
Sel et poivre au go&ucirc;t","Pr&eacute;chauffer le gril &agrave; feu moyen. Une fois l'ananas &eacute;vid&eacute; et coup&eacute; en tranches, les badigeonner d'huile d'olive et les placer sur le gril. 
Griller les tranches d'ananas en les retournant souvent, jusqu'&agrave; ce qu'elle soit juteuse et dor&eacute;e. 
Une fois fait, r&eacute;server et laisser refroidir &agrave; temp&eacute;rature de la pi&egrave;ce.
Couper l'ananas refroidi en petits morceaux. Les ajouter au guacamole Sabra dans un bol. 
Saler et poivrer au go&ucirc;t. 
Servir avec des croustilles de pita Stacy's&reg; Jalape&ntilde;o r&ocirc;ti.",,10 min,5 min,,5487,5991,0,0,40
6066,"Brie fondant, miel et amandes",https://www.stacys.ca/fr/recipes/brie-fondant-miel-et-amandes,"Savoury,Sweet",Honey-and-Almond-Baked-Brie-_0.jpg,,"1 sac de croustilles de pita Stacy's&reg; Multigrain
1 morceau de votre brie pr&eacute;f&eacute;r&eacute;
3-4 c. &agrave; table de miel (au go&ucirc;t)
1/4 tasse d'amandes effil&eacute;es
1/4 c. &agrave; th&eacute; de cannelle ","Pr&eacute;chauffer le four &agrave; 350&deg;F. M&eacute;langer la cannelle et le miel. 
D&eacute;poser le brie dans un plat allant au four, l'arroser du m&eacute;lange miel et cannelle et le parsemer d'amandes. 
Cuire au four de 6 &agrave; 8 minutes ou jusqu'&agrave; ce que le brie soit l&eacute;g&egrave;rement fondu et que les amandes brunissent.
Une fois cuit &agrave; votre go&ucirc;t, retirer et servir avec des croustilles de pita Stacy's&reg; Multigrain.",,5 min,6-8 min,,5481,,0,0,41